Year,Week,From,To,ILI_FMC,ILI_PMP,H1,H3,B,AandB,H1_proportion,H3_proportion,B_proportion,AandB_proportion,ILI_School,ILI_NonSchool,Adm_0_5,Adm_6_11,Adm_12_17,Adm_18_49,Adm_50_64,Adm_65_higher,Adm_All,ILI_AED,Fever_CCCKG,Fever_RCHE,ILI_CMP,SevereCase_0_17,SevereCase_18_49,SevereCase_50_64,SevereCase_65_higher,Specimens_Other,Adenovirus_count,Adenovirus_pct,RSV_count,RSV_pct,Metapneumovirus_count,Metapneumovirus_pct,Rhinovirus_Enterovirus_count,Rhinovirus_Enterovirus_pct,SARS_CoV_2_count,SARS_CoV_2_pct,Specimens_Para,PIV1_count,PIV1_pct,PIV2_count,PIV2_pct,PIV3_count,PIV3_pct,PIV4_count,PIV4_pct,Specimens_Myco,Mycoplasma_count,Mycoplasma_pct
2014,1,2013-12-29,2014-01-04,,45.0,93,111,64,268,0.043,0.0513,0.0296,0.1238,0.0,2.0,1.703,0.425,0.052,0.084,0.158,0.404,0.234,198.0,,0.0009,3.86,0.0,1.0,3.0,1.0,2164,39,1.8,6,0.28,22,1.02,22,22.0,,,2164,50,2.31,4,0.18,34,1.57,2,0.09,,,
2014,2,2014-01-05,2014-01-11,,43.8,230,140,109,479,0.0954,0.058,0.0452,0.1986,4.0,3.0,2.447,0.655,0.104,0.128,0.217,0.63,0.347,204.1,0.0088,0.0011,4.9,2.0,2.0,4.0,8.0,2412,33,1.37,6,0.25,18,0.75,18,17.0,,,2412,19,0.79,6,0.25,28,1.16,2,0.08,,,
2014,3,2014-01-12,2014-01-18,,52.9,249,144,104,497,0.1079,0.0624,0.0451,0.2154,23.0,2.0,2.787,1.244,0.078,0.096,0.24,0.78,0.398,205.0,0.0104,0.0012,4.27,2.0,3.0,3.0,5.0,2307,28,1.21,4,0.17,12,0.52,12,12.0,,,2307,39,1.69,2,0.09,32,1.39,2,0.09,,,
2014,4,2014-01-19,2014-01-25,,50.6,305,169,127,601,0.1178,0.0653,0.0491,0.2321,16.0,3.0,3.283,0.884,0.129,0.105,0.205,0.743,0.398,218.1,0.0127,0.0009,4.6,4.0,7.0,9.0,5.0,2589,20,0.77,20,0.77,13,0.5,13,12.0,,,2589,45,1.74,1,0.04,26,1.0,6,0.23,,,
2014,5,2014-01-26,2014-02-01,,48.3,321,171,179,671,0.12,0.0639,0.0669,0.2507,7.0,3.0,3.314,0.687,0.311,0.174,0.334,1.062,0.512,254.1,,0.0011,0.17,1.0,3.0,5.0,17.0,2676,17,0.64,12,0.45,10,0.37,10,10.0,,,2676,50,1.87,6,0.22,29,1.08,1,0.04,,,
2014,6,2014-02-02,2014-02-08,,59.5,394,177,202,773,0.1295,0.0582,0.0664,0.2541,0.0,4.0,3.159,0.393,0.155,0.166,0.339,1.09,0.487,238.1,,0.001,3.92,2.0,8.0,5.0,15.0,3042,27,0.89,12,0.39,12,0.39,12,10.0,,,3042,54,1.78,4,0.13,43,1.41,2,0.07,,,
2014,7,2014-02-09,2014-02-15,,35.5,405,168,181,754,0.1565,0.0649,0.0699,0.2913,2.0,3.0,2.416,0.36,0.104,0.137,0.222,0.912,0.38,186.1,0.0071,0.0006,3.39,2.0,8.0,11.0,11.0,2588,42,1.62,21,0.81,148,5.72,148,139.0,,,2588,52,2.01,5,0.19,41,1.58,19,0.73,,,
2014,8,2014-02-16,2014-02-22,,47.2,431,206,267,904,0.1497,0.0716,0.0927,0.314,19.0,10.0,3.314,1.276,0.233,0.102,0.257,1.062,0.48,200.3,0.0114,0.0011,2.58,3.0,6.0,8.0,8.0,2879,46,1.6,33,1.15,152,5.28,150,141.0,,,2879,44,1.53,10,0.35,55,1.91,23,0.8,,,
2014,9,2014-02-23,2014-03-01,,47.9,411,178,291,880,0.1426,0.0618,0.101,0.3053,28.0,5.0,2.725,1.276,0.311,0.148,0.281,0.987,0.474,207.7,0.0128,0.0011,3.04,2.0,3.0,6.0,15.0,2882,36,1.25,46,1.6,170,5.9,168,160.0,,,2882,41,1.42,14,0.49,54,1.87,15,0.52,,,
2014,10,2014-03-02,2014-03-08,,37.5,229,131,291,651,0.091,0.0521,0.1157,0.2587,17.0,9.0,2.23,0.785,0.155,0.154,0.252,0.837,0.397,195.2,0.0088,0.0011,2.87,0.0,4.0,9.0,9.0,2516,32,1.27,48,1.91,207,8.23,206,189.0,,,2516,56,2.23,8,0.32,60,2.38,21,0.83,,,
2014,11,2014-03-09,2014-03-15,,55.3,122,78,288,488,0.0501,0.0321,0.1184,0.2006,11.0,3.0,1.518,0.556,0.259,0.061,0.181,0.649,0.273,200.5,0.0095,0.0009,2.87,1.0,3.0,3.0,7.0,2433,28,1.15,71,2.92,201,8.26,201,198.0,,,2433,53,2.18,3,0.12,64,2.63,19,0.78,,,
2014,12,2014-03-16,2014-03-22,,51.4,110,60,299,469,0.0431,0.0235,0.1171,0.1837,9.0,3.0,1.332,0.655,0.104,0.076,0.14,0.63,0.255,208.4,0.0106,0.0015,3.04,0.0,1.0,2.0,13.0,2553,35,1.37,97,3.8,263,10.3,262,258.0,,,2553,43,1.68,2,0.08,53,2.08,13,0.51,,,
2014,13,2014-03-23,2014-03-29,,47.8,61,53,297,411,0.0241,0.0209,0.1173,0.1623,7.0,2.0,1.208,0.491,0.026,0.047,0.1,0.62,0.213,205.4,0.0114,0.0013,2.82,2.0,1.0,,10.0,2533,46,1.82,152,6.0,266,10.5,209,197.0,,,2533,56,2.21,3,0.12,44,1.74,8,0.32,,,
2014,14,2014-03-30,2014-04-05,,45.2,46,40,189,275,0.021,0.0183,0.0865,0.1258,3.0,0.0,1.084,0.295,0.052,0.035,0.094,0.367,0.156,201.2,0.0127,0.0011,2.55,0.0,2.0,2.0,6.0,2186,40,1.83,128,5.86,240,10.98,80,77.0,,,2186,34,1.56,5,0.23,46,2.1,7,0.32,,,
2014,15,2014-04-06,2014-04-12,,43.7,38,53,196,287,0.0149,0.0208,0.0768,0.1125,7.0,2.0,0.774,0.229,0.026,0.047,0.088,0.414,0.149,200.4,0.0095,0.0011,3.54,1.0,1.0,3.0,3.0,2552,49,1.92,186,7.29,312,12.23,89,83.0,,,2552,46,1.8,3,0.12,74,2.9,13,0.51,,,
2014,16,2014-04-13,2014-04-19,,43.8,26,21,161,208,0.0113,0.0091,0.0697,0.0901,0.0,1.0,0.527,0.262,0.026,0.017,0.082,0.348,0.115,201.5,0.0104,0.0011,2.85,0.0,0.0,,3.0,2309,47,2.04,146,6.32,273,11.82,87,84.0,,,2309,26,1.13,3,0.13,68,2.94,12,0.52,,,
2014,17,2014-04-20,2014-04-26,,50.8,7,19,149,175,0.003,0.0083,0.0649,0.0762,0.0,1.0,0.465,0.196,0.026,0.052,0.082,0.263,0.113,183.1,0.0072,0.0013,2.06,1.0,1.0,,3.0,2297,23,1.0,148,6.44,274,11.93,100,86.0,,,2297,40,1.74,6,0.26,75,3.27,15,0.65,,,
2014,18,2014-04-27,2014-05-03,,38.8,6,25,117,148,0.0027,0.0114,0.0534,0.0675,1.0,1.0,0.496,0.065,0.052,0.032,0.059,0.197,0.086,181.0,0.0067,0.0013,2.01,,,,,2193,69,3.15,117,5.34,259,11.81,109,94.0,,,2193,17,0.78,6,0.27,63,2.87,8,0.36,,,
2014,19,2014-05-04,2014-05-10,,41.8,2,29,63,94,0.001,0.015,0.0326,0.0486,2.0,1.0,0.062,0.065,0.0,0.015,0.047,0.216,0.055,164.5,0.0076,0.0014,2.88,,,,,1933,40,2.07,76,3.93,246,12.73,99,85.0,,,1933,16,0.83,4,0.21,51,2.64,5,0.26,,,
2014,20,2014-05-11,2014-05-17,,33.3,14,11,58,83,0.0073,0.0057,0.0302,0.0433,1.0,1.0,0.217,0.098,0.026,0.009,0.023,0.188,0.053,152.8,0.008,0.0011,2.79,,,,,1919,35,1.82,64,3.34,253,13.18,102,82.0,,,1919,12,0.63,2,0.1,68,3.54,11,0.57,,,
2014,21,2014-05-18,2014-05-24,,42.3,6,38,61,105,0.003,0.0193,0.0309,0.0532,6.0,0.0,0.496,0.131,0.0,0.003,0.029,0.235,0.071,154.8,0.009,0.0012,2.76,,,,,1972,56,2.84,71,3.6,302,15.31,100,64.0,,,1972,19,0.96,4,0.2,65,3.3,5,0.25,,,
2014,22,2014-05-25,2014-05-31,,49.9,6,80,54,140,0.0029,0.0388,0.0262,0.0679,8.0,1.0,0.774,0.131,0.026,0.026,0.094,0.273,0.116,158.5,0.0078,0.0011,2.59,,,,,2061,64,3.11,104,5.05,332,16.11,94,65.0,,,2061,23,1.12,1,0.05,55,2.67,14,0.68,,,
2014,23,2014-06-01,2014-06-07,,56.5,12,118,80,210,0.0056,0.0553,0.0375,0.0985,1.0,2.0,0.774,0.262,0.0,0.026,0.041,0.442,0.133,166.7,0.0078,0.0011,2.07,,,,,2132,54,2.53,114,5.35,324,15.2,106,70.0,,,2132,7,0.33,1,0.05,60,2.81,16,0.75,,,
2014,24,2014-06-08,2014-06-14,,46.4,12,191,64,267,0.0055,0.0875,0.0293,0.1223,3.0,5.0,0.96,0.196,0.129,0.067,0.064,0.649,0.201,161.6,0.0084,0.0011,2.0,,,,,2183,73,3.34,119,5.45,301,13.79,101,58.0,,,2183,11,0.5,8,0.37,53,2.43,3,0.14,,,
2014,25,2014-06-15,2014-06-21,,48.7,5,162,60,227,0.0024,0.0791,0.0293,0.1108,4.0,1.0,0.65,0.164,0.026,0.035,0.059,0.526,0.145,153.6,0.0084,0.0013,2.05,,,,,2048,55,2.69,89,4.35,226,11.04,95,54.0,,,2048,8,0.39,4,0.2,25,1.22,10,0.49,,,
2014,26,2014-06-22,2014-06-28,,41.7,2,143,34,179,0.0011,0.0784,0.0186,0.0981,2.0,2.0,0.681,0.262,0.0,0.035,0.053,0.395,0.129,150.0,0.0068,0.0011,2.57,0.0,0.0,,4.0,1825,77,4.22,67,3.67,216,11.84,112,52.0,,,1825,14,0.77,3,0.16,54,2.96,6,0.33,,,
2014,27,2014-06-29,2014-07-05,,32.3,3,171,14,188,0.0016,0.0916,0.0075,0.1007,1.0,3.0,0.96,0.196,0.026,0.017,0.035,0.367,0.123,157.8,0.0084,0.0013,2.3,1.0,0.0,2.0,4.0,1867,84,4.5,78,4.18,251,13.44,107,55.0,,,1867,6,0.32,0,0.0,35,1.87,15,0.8,,,
2014,28,2014-07-06,2014-07-12,,40.3,2,169,17,188,0.001,0.0869,0.0087,0.0967,0.0,3.0,0.341,0.458,0.026,0.029,0.047,0.47,0.13,143.0,0.0077,0.0012,2.27,0.0,0.0,,4.0,1945,99,5.09,95,4.88,261,13.42,99,47.0,,,1945,9,0.46,0,0.0,25,1.29,11,0.57,,,
2014,29,2014-07-13,2014-07-19,,40.5,3,138,33,174,0.0016,0.0717,0.0172,0.0904,0.0,8.0,0.434,0.164,0.078,0.026,0.023,0.489,0.12,137.4,0.0067,0.001,1.95,1.0,1.0,2.0,3.0,1924,73,3.79,101,5.25,207,10.76,102,57.0,,,1924,11,0.57,0,0.0,21,1.09,13,0.68,,,
2014,30,2014-07-20,2014-07-26,,31.3,0,103,18,121,0.0,0.0596,0.0104,0.07,1.0,2.0,0.496,0.065,0.0,0.009,0.029,0.357,0.089,132.0,,0.0009,2.52,0.0,0.0,,2.0,1728,97,5.61,83,4.8,156,9.03,103,57.0,,,1728,1,0.06,2,0.12,23,1.33,10,0.58,,,
2014,31,2014-07-27,2014-08-02,,22.9,1,96,29,126,0.0006,0.0562,0.017,0.0737,0.0,3.0,0.155,0.098,0.052,0.017,0.029,0.244,0.065,124.6,,0.001,1.89,0.0,0.0,1.0,1.0,1709,73,4.27,82,4.8,123,7.2,98,67.0,,,1709,0,0.0,1,0.06,18,1.05,7,0.41,,,
2014,32,2014-08-03,2014-08-09,,16.4,1,76,12,89,0.0006,0.046,0.0073,0.0538,0.0,2.0,0.155,0.098,0.0,0.009,0.035,0.207,0.054,121.0,,0.0009,1.26,0.0,0.0,,3.0,1653,82,4.96,72,4.36,92,5.57,76,55.0,,,1653,2,0.12,0,0.0,17,1.03,7,0.42,,,
2014,33,2014-08-10,2014-08-16,,10.0,4,43,11,58,0.0026,0.0278,0.0071,0.0374,1.0,2.0,0.124,0.033,0.0,0.003,0.0,0.103,0.024,116.7,0.0045,0.0009,2.84,0.0,0.0,1.0,3.0,1549,60,3.87,67,4.33,131,8.46,99,79.0,,,1549,2,0.13,1,0.06,17,1.1,4,0.26,,,
2014,34,2014-08-17,2014-08-23,,30.5,2,37,11,50,0.0014,0.025,0.0074,0.0338,0.0,1.0,0.217,0.065,0.0,0.015,0.012,0.216,0.054,116.2,0.0049,0.0012,2.74,,,,,1480,49,3.31,52,3.51,113,7.64,91,68.0,,,1480,4,0.27,0,0.0,13,0.88,7,0.47,,,
2014,35,2014-08-24,2014-08-30,,30.1,2,49,9,60,0.0012,0.0299,0.0055,0.0366,0.0,1.0,0.124,0.065,0.0,0.012,0.006,0.113,0.032,118.2,0.0037,0.0011,2.33,,,,,1638,64,3.91,61,3.72,137,8.36,111,81.0,,,1638,1,0.06,0,0.0,18,1.1,10,0.61,,,
2014,36,2014-08-31,2014-09-06,,33.3,1,33,8,42,0.0005,0.0179,0.0043,0.0228,2.0,1.0,0.062,0.0,0.0,0.003,0.012,0.141,0.028,128.0,0.0039,0.0011,2.1,,,,,1844,50,2.71,74,4.01,124,6.72,84,73.0,,,1844,4,0.22,1,0.05,13,0.7,7,0.38,,,
2014,37,2014-09-07,2014-09-13,,45.2,1,23,19,43,0.0005,0.0124,0.0103,0.0233,2.0,0.0,0.217,0.0,0.0,0.006,0.012,0.113,0.032,126.7,0.0076,0.0011,2.28,,,,,1848,55,2.98,78,4.22,181,9.79,93,84.0,,,1848,3,0.16,0,0.0,19,1.03,7,0.38,,,
2014,38,2014-09-14,2014-09-20,,44.5,1,22,15,38,0.0005,0.0113,0.0077,0.0195,2.0,0.0,0.031,0.033,0.0,0.0,0.006,0.047,0.011,126.8,0.0068,0.0012,2.17,,,,,1949,74,3.8,53,2.72,253,12.98,86,75.0,,,1949,3,0.15,0,0.0,24,1.23,21,1.08,,,
2014,39,2014-09-21,2014-09-27,,24.7,3,9,14,26,0.0015,0.0045,0.0071,0.0131,1.0,0.0,0.279,0.0,0.0,0.003,0.006,0.047,0.022,139.2,0.0065,0.0013,2.86,,,,,1983,59,2.98,60,3.03,261,13.16,105,91.0,,,1983,3,0.15,1,0.05,25,1.26,10,0.5,,,
2014,40,2014-09-28,2014-10-04,,29.4,8,16,12,36,0.0042,0.0084,0.0063,0.0188,2.0,0.0,0.062,0.033,0.0,0.003,0.006,0.028,0.011,149.8,0.0083,0.001,1.4,,,,,1912,67,3.5,86,4.5,275,14.38,122,111.0,,,1912,1,0.05,2,0.1,12,0.63,19,0.99,,,
2014,41,2014-10-05,2014-10-11,,27.5,2,6,5,13,0.0011,0.0032,0.0027,0.007,2.0,0.0,0.062,0.0,0.0,0.0,0.012,0.047,0.012,139.3,0.0058,0.001,2.73,,,,,1857,74,3.98,65,3.5,276,14.86,81,73.0,,,1857,7,0.38,1,0.05,21,1.13,19,1.02,,,
2014,42,2014-10-12,2014-10-18,,36.1,4,9,4,17,0.0021,0.0047,0.0021,0.009,1.0,0.0,0.062,0.0,0.0,0.009,0.006,0.019,0.011,142.0,0.0066,0.0009,2.6,,,,,1898,83,4.37,37,1.95,294,15.49,96,86.0,,,1898,6,0.32,1,0.05,17,0.9,29,1.53,,,
2014,43,2014-10-19,2014-10-25,,38.4,4,3,4,11,0.0022,0.0017,0.0022,0.0061,1.0,0.0,0.031,0.0,0.0,0.0,0.0,0.009,0.003,139.2,0.0069,0.0008,2.31,,,,,1797,53,2.95,34,1.89,305,16.97,97,92.0,,,1797,2,0.11,2,0.11,23,1.28,29,1.61,,,
2014,44,2014-10-26,2014-11-01,,42.4,1,6,2,9,0.0005,0.0031,0.001,0.0046,,,0.0,0.0,0.0,0.0,0.0,0.0,0.0,140.6,0.0062,0.0011,2.48,,,,,1962,95,4.84,26,1.33,307,15.65,89,80.0,,,1962,9,0.46,3,0.15,23,1.17,34,1.73,,,
2014,45,2014-11-02,2014-11-08,,41.3,0,4,1,5,0.0,0.002,0.0005,0.0025,1.0,0.0,0.0,0.0,0.0,0.0,0.0,0.0,0.0,136.0,0.0076,0.0009,3.2,,,,,1964,105,5.35,29,1.48,294,14.97,99,92.0,,,1964,7,0.36,1,0.05,16,0.81,42,2.14,,,
2014,46,2014-11-09,2014-11-15,,30.8,0,3,1,4,0.0,0.0017,0.0006,0.0022,1.0,0.0,0.0,0.0,0.0,0.003,0.0,0.0,0.001,142.5,0.006,0.0008,2.24,,,,,1812,116,6.4,24,1.32,305,16.83,113,108.0,,,1812,10,0.55,2,0.11,22,1.21,24,1.32,,,
2014,47,2014-11-16,2014-11-22,,45.7,0,11,7,18,0.0,0.0052,0.0033,0.0086,4.0,0.0,0.031,0.0,0.0,0.003,0.0,0.028,0.007,152.8,0.0076,0.001,2.93,,,,,2102,94,4.47,28,1.33,372,17.7,88,79.0,,,2102,15,0.71,0,0.0,19,0.9,32,1.52,,,
2014,48,2014-11-23,2014-11-29,,49.5,0,15,2,17,0.0,0.007,0.0009,0.0079,2.0,0.0,0.031,0.0,0.0,0.003,0.0,0.085,0.015,147.6,0.0078,0.0011,2.87,,,,,2140,125,5.84,33,1.54,319,14.91,80,78.0,,,2140,17,0.79,5,0.23,38,1.78,40,1.87,,,
2014,49,2014-11-30,2014-12-06,,38.9,0,29,3,32,0.0,0.0142,0.0015,0.0156,4.0,1.0,0.093,0.0,0.0,0.0,0.006,0.075,0.017,149.5,0.0052,0.0007,3.87,,,,,2045,117,5.72,37,1.81,277,13.55,101,91.0,,,2045,22,1.08,5,0.24,36,1.76,33,1.61,,,
2014,50,2014-12-07,2014-12-13,,36.5,1,62,10,73,0.0005,0.0287,0.0046,0.0338,7.0,0.0,0.186,0.098,0.052,0.0,0.029,0.254,0.06,161.8,0.0079,0.0007,3.12,,,,,2158,120,5.56,55,2.55,291,13.48,84,77.0,,,2158,21,0.97,9,0.42,41,1.9,40,1.85,,,
2014,51,2014-12-14,2014-12-20,,50.8,0,77,3,80,0.0,0.0324,0.0013,0.0337,2.0,2.0,0.217,0.131,0.026,0.009,0.029,0.254,0.065,173.2,0.0067,0.0005,3.59,,,,,2373,140,5.9,50,2.11,314,13.23,102,100.0,,,2373,27,1.14,8,0.34,47,1.98,51,2.15,,,
2014,52,2014-12-21,2014-12-27,,32.6,20,199,6,225,0.008,0.0798,0.0024,0.0902,1.0,3.0,0.743,0.262,0.052,0.015,0.047,0.583,0.151,181.0,,0.0009,1.69,,,,,2495,89,3.57,46,1.84,269,10.78,109,107.0,,,2495,30,1.2,8,0.32,35,1.4,45,1.8,,,
2015,1,2014-12-28,2015-01-03,,39.5,0,447,20,467,0.0,0.1457,0.0065,0.1522,0.0,8.0,0.732,0.189,0.055,0.067,0.144,1.193,0.294,181.8,,0.0013,2.6,1.0,2.0,2.0,2.0,3069,134,4.37,51,1.66,266,8.67,92,91.0,,,3069,44,1.43,6,0.2,42,1.37,58,1.89,,,
2015,2,2015-01-04,2015-01-10,,51.8,3,698,31,732,0.0009,0.2083,0.0093,0.2184,11.0,14.0,1.23,0.536,0.166,0.073,0.236,2.108,0.502,184.9,0.006,0.0017,3.96,0.0,2.0,4.0,19.0,3351,105,3.13,64,1.91,289,8.62,99,96.0,,,3351,24,0.72,1,0.03,36,1.07,36,1.07,,,
2015,3,2015-01-11,2015-01-17,,57.9,3,954,38,995,0.0009,0.2813,0.0112,0.2933,22.0,21.0,2.197,0.788,0.111,0.117,0.299,2.889,0.71,190.3,0.0081,0.0015,4.11,3.0,2.0,3.0,17.0,3392,110,3.24,49,1.44,215,6.34,83,83.0,,,3392,34,1.0,5,0.15,37,1.09,28,0.83,,,
2015,4,2015-01-18,2015-01-24,,69.4,5,1508,40,1553,0.0012,0.3495,0.0093,0.3599,34.0,20.0,2.636,1.198,0.249,0.143,0.362,4.621,1.048,232.3,0.0102,0.002,4.66,1.0,0.0,6.0,38.0,4315,100,2.32,70,1.62,248,5.75,117,115.0,,,4315,62,1.44,4,0.09,38,0.88,28,0.65,,,
2015,5,2015-01-25,2015-01-31,,61.1,15,1947,40,2002,0.0029,0.3754,0.0077,0.386,51.0,45.0,2.461,1.167,0.415,0.158,0.385,5.338,1.169,253.2,0.0126,0.0025,4.82,5.0,2.0,4.0,53.0,5187,82,1.58,84,1.62,304,5.86,115,111.0,,,5187,40,0.77,10,0.19,32,0.62,33,0.64,,,
2015,6,2015-02-01,2015-02-07,,71.0,7,1622,49,1678,0.0014,0.3342,0.0101,0.3457,22.0,21.0,2.783,1.261,0.221,0.085,0.391,4.54,1.023,259.0,0.0102,0.0019,4.53,1.0,3.0,4.0,55.0,4854,88,1.81,69,1.42,230,4.74,51,49.0,,,4854,58,1.19,4,0.08,45,0.93,25,0.52,,,
2015,7,2015-02-08,2015-02-14,,68.6,6,1209,53,1268,0.0013,0.26,0.0114,0.2727,17.0,19.0,2.138,1.135,0.166,0.132,0.362,3.616,0.859,256.4,0.0098,0.0021,4.25,3.0,1.0,7.0,63.0,4650,94,2.02,90,1.94,199,4.28,121,119.0,,,4650,67,1.44,15,0.32,39,0.84,21,0.45,,,
2015,8,2015-02-15,2015-02-21,,21.2,6,953,56,1015,0.0015,0.2354,0.0138,0.2507,1.0,17.0,1.377,0.284,0.221,0.114,0.316,3.517,0.754,252.8,,0.0015,2.72,2.0,2.0,7.0,45.0,4049,94,2.32,70,1.73,215,5.31,110,109.0,,,4049,35,0.86,8,0.2,34,0.84,9,0.22,,,
2015,9,2015-02-22,2015-02-28,,44.3,11,970,68,1049,0.0023,0.2058,0.0144,0.2225,0.0,26.0,1.201,0.284,0.055,0.097,0.282,3.239,0.679,208.2,,0.0013,3.32,1.0,0.0,8.0,62.0,4714,85,1.8,120,2.55,214,4.54,81,79.0,,,4714,52,1.1,6,0.13,45,0.95,18,0.38,,,
2015,10,2015-03-01,2015-03-07,,52.6,24,705,88,817,0.0058,0.1701,0.0212,0.1971,1.0,10.0,0.879,0.315,0.028,0.076,0.196,2.476,0.517,174.5,0.0049,0.0013,3.5,0.0,2.0,7.0,48.0,4145,57,1.38,70,1.69,145,3.5,98,89.0,,,4145,40,0.97,3,0.07,30,0.72,20,0.48,,,
2015,11,2015-03-08,2015-03-14,,38.6,18,576,87,681,0.0047,0.1516,0.0229,0.1792,9.0,13.0,0.996,0.284,0.028,0.056,0.19,2.324,0.487,171.4,0.0064,0.0013,3.27,1.0,2.0,2.0,32.0,3800,44,1.16,72,1.89,131,3.45,81,76.0,,,3800,39,1.03,9,0.24,43,1.13,14,0.37,,,
2015,12,2015-03-15,2015-03-21,,34.8,18,507,91,616,0.0044,0.1239,0.0222,0.1505,6.0,13.0,0.791,0.41,0.083,0.062,0.178,2.019,0.439,168.2,0.0074,0.0019,3.68,0.0,0.0,5.0,33.0,4093,46,1.12,97,2.37,255,6.23,78,77.0,,,4093,50,1.22,9,0.22,49,1.2,3,0.07,,,
2015,13,2015-03-22,2015-03-28,,40.1,14,406,108,528,0.0038,0.1115,0.0297,0.1451,6.0,5.0,0.82,0.252,0.138,0.067,0.19,1.409,0.348,179.2,0.0077,0.002,3.38,0.0,2.0,3.0,27.0,3640,57,1.57,103,2.83,257,7.06,44,42.0,,,3640,37,1.02,4,0.11,58,1.59,6,0.16,,,
2015,14,2015-03-29,2015-04-04,,41.5,7,197,84,288,0.0025,0.0712,0.0304,0.1041,0.0,4.0,0.41,0.126,0.055,0.035,0.092,1.005,0.219,180.2,,0.0019,3.73,0.0,1.0,,11.0,2767,38,1.37,80,2.89,235,8.49,63,62.0,,,2767,28,1.01,4,0.14,38,1.37,8,0.29,,,
2015,15,2015-04-05,2015-04-11,,41.6,11,283,140,434,0.0027,0.0698,0.0345,0.1071,0.0,8.0,0.615,0.126,0.111,0.023,0.052,0.79,0.184,179.6,,0.0012,3.31,0.0,0.0,2.0,29.0,4054,39,0.96,137,3.38,362,8.93,85,78.0,,,4054,45,1.11,7,0.17,56,1.38,8,0.2,,,
2015,16,2015-04-12,2015-04-18,,41.4,3,144,117,264,0.0009,0.044,0.0357,0.0806,0.0,2.0,0.557,0.158,0.0,0.023,0.069,0.485,0.134,175.2,0.0046,0.0011,2.39,0.0,0.0,1.0,12.0,3275,37,1.13,129,3.94,313,9.56,41,35.0,,,3275,26,0.79,5,0.15,26,0.79,17,0.52,,,
2015,17,2015-04-19,2015-04-25,,46.9,5,153,120,278,0.0016,0.0495,0.0388,0.0899,3.0,4.0,0.41,0.347,0.055,0.018,0.04,0.583,0.144,165.8,0.0062,0.0007,0.43,0.0,0.0,,15.0,3093,23,0.74,83,2.68,290,9.38,99,89.0,,,3093,19,0.61,9,0.29,39,1.26,19,0.61,,,
2015,18,2015-04-26,2015-05-02,,42.2,14,111,107,232,0.0047,0.0371,0.0358,0.0776,2.0,4.0,0.381,0.158,0.028,0.026,0.052,0.502,0.128,165.4,0.0067,0.0008,3.17,,,,,2989,36,1.2,108,3.61,357,11.94,57,47.0,,,2989,27,0.9,5,0.17,47,1.57,26,0.87,,,
2015,19,2015-05-03,2015-05-09,,43.3,11,90,80,181,0.0037,0.0304,0.0271,0.0612,3.0,0.0,0.439,0.189,0.083,0.015,0.04,0.323,0.099,149.8,0.0063,0.0009,3.12,,,,,2956,34,1.15,95,3.21,358,12.11,33,28.0,,,2956,23,0.78,4,0.14,38,1.29,17,0.58,,,
2015,20,2015-05-10,2015-05-16,,43.1,9,106,78,193,0.0031,0.0369,0.0271,0.0671,1.0,2.0,0.322,0.158,0.055,0.006,0.023,0.458,0.103,151.3,0.0081,0.0009,2.76,,,,,2875,35,1.22,89,3.1,368,12.8,109,82.0,,,2875,19,0.66,7,0.24,39,1.36,13,0.45,,,
2015,21,2015-05-17,2015-05-23,,58.3,9,133,75,217,0.0032,0.0477,0.0269,0.0779,4.0,3.0,0.615,0.189,0.028,0.029,0.104,0.395,0.137,153.7,0.0083,0.0009,2.86,,,,,2786,38,1.36,91,3.27,370,13.28,85,58.0,,,2786,30,1.08,8,0.29,52,1.87,25,0.9,,,
2015,22,2015-05-24,2015-05-30,,51.0,4,185,95,284,0.0013,0.0624,0.0321,0.0958,3.0,6.0,0.703,0.378,0.083,0.05,0.092,0.709,0.207,165.5,0.0087,0.0012,2.86,,,,,2963,36,1.21,119,4.02,346,11.68,104,77.0,,,2963,15,0.51,14,0.47,51,1.72,25,0.84,,,
2015,23,2015-05-31,2015-06-06,,45.8,0,393,109,502,0.0,0.1178,0.0327,0.1504,4.0,5.0,1.289,0.347,0.111,0.056,0.155,1.22,0.331,173.3,0.0094,0.0013,2.78,,,,,3337,58,1.74,123,3.69,342,10.25,70,46.0,,,3337,19,0.57,11,0.33,49,1.47,21,0.63,,,
2015,24,2015-06-07,2015-06-13,,58.7,3,632,116,751,0.0008,0.1657,0.0304,0.1969,6.0,6.0,1.816,0.252,0.028,0.117,0.282,1.768,0.49,194.7,0.0104,0.0017,0.99,0.0,1.0,1.0,5.0,3815,61,1.6,125,3.28,406,10.64,151,91.0,,,3815,14,0.37,12,0.31,66,1.73,13,0.34,,,
2015,25,2015-06-14,2015-06-20,,53.0,8,780,109,897,0.0023,0.2241,0.0313,0.2578,6.0,12.0,2.548,0.441,0.194,0.143,0.247,2.162,0.605,192.7,0.0079,0.0018,2.3,0.0,3.0,5.0,22.0,3480,54,1.55,134,3.85,326,9.37,45,25.0,,,3480,13,0.37,12,0.34,38,1.09,19,0.55,,,
2015,26,2015-06-21,2015-06-27,,52.4,9,882,92,983,0.0022,0.2159,0.0225,0.2406,4.0,9.0,2.343,0.441,0.111,0.126,0.242,2.046,0.564,179.8,0.0092,0.0013,2.0,1.0,1.0,4.0,33.0,4086,55,1.35,149,3.65,346,8.47,130,75.0,,,4086,20,0.49,13,0.32,35,0.86,12,0.29,,,
2015,27,2015-06-28,2015-07-04,,46.8,18,895,82,995,0.0047,0.234,0.0214,0.2601,4.0,10.0,1.992,0.82,0.277,0.062,0.167,2.18,0.545,185.1,0.0079,0.0019,1.85,0.0,2.0,4.0,16.0,3825,46,1.2,170,4.44,279,7.29,75,39.0,,,3825,14,0.37,14,0.37,36,0.94,13,0.34,,,
2015,28,2015-07-05,2015-07-11,,40.5,9,623,52,684,0.0026,0.1822,0.0152,0.2,0.0,4.0,1.728,0.284,0.111,0.053,0.121,1.534,0.387,170.1,0.0069,0.0016,2.6,2.0,1.0,4.0,22.0,3420,63,1.84,174,5.09,267,7.81,104,60.0,,,3420,11,0.32,7,0.2,25,0.73,17,0.5,,,
2015,29,2015-07-12,2015-07-18,,48.8,5,413,44,462,0.0016,0.1296,0.0138,0.145,0.0,1.0,0.703,0.189,0.028,0.021,0.155,0.96,0.236,141.7,0.0063,0.0011,1.1,1.0,2.0,5.0,19.0,3186,43,1.35,173,5.43,262,8.22,86,66.0,,,3186,10,0.31,24,0.75,28,0.88,30,0.94,,,
2015,30,2015-07-19,2015-07-25,,35.3,5,244,38,287,0.0018,0.0874,0.0136,0.1028,0.0,3.0,0.469,0.063,0.083,0.032,0.081,0.52,0.143,126.5,0.0073,0.001,1.11,0.0,0.0,1.0,13.0,2793,29,1.04,147,5.26,205,7.34,76,58.0,,,2793,11,0.39,19,0.68,25,0.9,10,0.36,,,
2015,31,2015-07-26,2015-08-01,,31.4,3,155,29,187,0.0011,0.0554,0.0104,0.0668,,,0.381,0.095,0.028,0.018,0.029,0.413,0.102,121.9,,0.0009,1.27,0.0,0.0,,11.0,2799,38,1.36,113,4.04,211,7.54,105,74.0,,,2799,7,0.25,20,0.71,27,0.96,7,0.25,,,
2015,32,2015-08-02,2015-08-08,,36.0,7,154,30,191,0.0024,0.0531,0.0104,0.0659,0.0,4.0,0.41,0.063,0.0,0.015,0.052,0.341,0.093,121.7,,0.0012,1.21,0.0,0.0,1.0,9.0,2898,32,1.1,133,4.59,240,8.28,108,75.0,,,2898,7,0.24,12,0.41,34,1.17,12,0.41,,,
2015,33,2015-08-09,2015-08-15,,29.9,2,106,46,154,0.0007,0.0368,0.016,0.0534,0.0,1.0,0.322,0.095,0.028,0.023,0.046,0.35,0.096,123.0,0.0058,0.0012,1.16,,,,,2883,36,1.25,131,4.54,247,8.57,97,69.0,,,2883,9,0.31,14,0.49,27,0.94,16,0.55,,,
2015,34,2015-08-16,2015-08-22,,30.1,2,99,41,142,0.0008,0.0381,0.0158,0.0546,0.0,2.0,0.176,0.158,0.0,0.015,0.012,0.368,0.081,120.4,0.0039,0.0011,1.36,,,,,2599,34,1.31,136,5.23,219,8.43,69,52.0,,,2599,5,0.19,12,0.46,34,1.31,14,0.54,,,
2015,35,2015-08-23,2015-08-29,,44.2,2,107,24,133,0.0007,0.0388,0.0087,0.0482,0.0,1.0,0.352,0.032,0.0,0.006,0.029,0.171,0.054,125.7,0.0054,0.0008,1.08,,,,,2759,49,1.78,112,4.06,248,8.99,100,78.0,,,2759,9,0.33,16,0.58,24,0.87,13,0.47,,,
2015,36,2015-08-30,2015-09-05,,37.6,0,51,13,64,0.0,0.0204,0.0052,0.0256,0.0,1.0,0.117,0.032,0.0,0.0,0.012,0.072,0.021,128.2,0.0037,0.0008,0.99,,,,,2501,35,1.4,119,4.76,279,11.16,99,76.0,,,2501,6,0.24,15,0.6,31,1.24,12,0.48,,,
2015,37,2015-09-06,2015-09-12,,40.7,0,57,8,65,0.0,0.0214,0.003,0.0244,,,0.176,0.0,0.028,0.012,0.012,0.117,0.036,139.6,0.0058,0.001,1.34,,,,,2669,33,1.24,126,4.72,382,14.31,80,65.0,,,2669,6,0.22,14,0.52,42,1.57,25,0.94,,,
2015,38,2015-09-13,2015-09-19,,49.2,3,37,13,53,0.001,0.0126,0.0044,0.0181,2.0,0.0,0.0,0.063,0.0,0.003,0.017,0.09,0.022,148.9,0.0066,0.0008,1.3,,,,,2926,33,1.13,128,4.37,513,17.53,97,90.0,,,2926,12,0.41,28,0.96,40,1.37,13,0.44,,,
2015,39,2015-09-20,2015-09-26,,38.7,1,26,7,34,0.0004,0.0092,0.0025,0.012,2.0,0.0,0.088,0.032,0.028,0.006,0.017,0.036,0.019,140.7,0.0075,0.001,0.6,,,,,2832,43,1.52,88,3.11,499,17.62,117,108.0,,,2832,15,0.53,28,0.99,46,1.62,19,0.67,,,
2015,40,2015-09-27,2015-10-03,,48.2,2,24,11,37,0.0007,0.009,0.0041,0.0138,1.0,0.0,0.029,0.032,0.055,0.003,0.017,0.045,0.018,159.8,0.0091,0.0009,1.78,,,,,2681,37,1.38,107,3.99,504,18.8,81,68.0,,,2681,16,0.6,32,1.19,54,2.01,34,1.27,,,
2015,41,2015-10-04,2015-10-10,,39.6,6,10,11,27,0.0022,0.0037,0.0041,0.01,0.0,1.0,0.059,0.032,0.0,0.006,0.017,0.027,0.015,134.1,0.0067,0.0008,1.51,,,,,2708,45,1.66,90,3.32,428,15.81,88,81.0,,,2708,21,0.78,37,1.37,54,1.99,24,0.89,,,
2015,42,2015-10-11,2015-10-17,,38.0,0,20,5,25,0.0,0.0073,0.0018,0.0091,5.0,2.0,0.059,0.032,0.0,0.006,0.006,0.018,0.011,146.8,0.0082,0.0008,1.11,,,,,2749,36,1.31,74,2.69,376,13.68,97,87.0,,,2749,23,0.84,30,1.09,57,2.07,24,0.87,,,
2015,43,2015-10-18,2015-10-24,,42.4,1,13,9,23,0.0003,0.0045,0.0031,0.008,1.0,0.0,0.029,0.032,0.0,0.006,0.006,0.045,0.014,160.2,0.0082,0.001,1.03,,,,,2890,55,1.9,64,2.21,421,14.57,99,81.0,,,2890,25,0.87,50,1.73,78,2.7,22,0.76,,,
2015,44,2015-10-25,2015-10-31,,34.1,5,15,4,24,0.0017,0.0052,0.0014,0.0082,0.0,1.0,0.029,0.032,0.0,0.003,0.012,0.045,0.014,148.1,0.0085,0.001,1.45,,,,,2911,40,1.37,66,2.27,394,13.53,94,85.0,,,2911,13,0.45,43,1.48,76,2.61,15,0.52,,,
2015,45,2015-11-01,2015-11-07,,38.7,2,17,11,30,0.0007,0.0058,0.0038,0.0103,2.0,0.0,0.117,0.0,0.0,0.0,0.012,0.054,0.017,148.4,0.0099,0.0011,1.59,,,,,2921,51,1.75,42,1.44,400,13.69,99,86.0,,,2921,31,1.06,47,1.61,93,3.18,22,0.75,,,
2015,46,2015-11-08,2015-11-14,,46.6,11,9,13,33,0.0039,0.0032,0.0046,0.0118,,,0.117,0.032,0.0,0.009,0.023,0.027,0.021,147.6,0.009,0.001,0.95,,,,,2802,46,1.64,38,1.36,326,11.63,88,74.0,,,2802,24,0.86,29,1.03,92,3.28,30,1.07,,,
2015,47,2015-11-15,2015-11-21,,41.3,2,4,10,16,0.0007,0.0014,0.0036,0.0058,2.0,0.0,0.059,0.0,0.0,0.006,0.006,0.009,0.008,143.0,0.0096,0.0011,1.31,,,,,2770,41,1.48,43,1.55,330,11.91,92,72.0,,,2770,26,0.94,50,1.81,104,3.75,29,1.05,,,
2015,48,2015-11-22,2015-11-28,,42.6,15,7,15,37,0.0054,0.0025,0.0054,0.0133,1.0,2.0,0.059,0.032,0.0,0.009,0.006,0.036,0.015,148.4,0.0105,0.0008,1.41,,,,,2792,49,1.76,54,1.93,368,13.18,104,66.0,,,2792,35,1.25,50,1.79,105,3.76,35,1.25,,,
2015,49,2015-11-29,2015-12-05,,47.4,8,6,10,24,0.0027,0.002,0.0033,0.008,2.0,1.0,0.059,0.032,0.0,0.009,0.006,0.018,0.012,152.4,0.0096,0.0008,1.43,,,,,3017,50,1.66,57,1.89,373,12.36,97,73.0,,,3017,25,0.83,56,1.86,94,3.12,41,1.36,,,
2015,50,2015-12-06,2015-12-12,,45.8,4,7,10,21,0.0014,0.0024,0.0035,0.0073,1.0,1.0,0.234,0.0,0.055,0.0,0.017,0.036,0.023,147.9,0.008,0.001,1.88,,,,,2874,42,1.46,49,1.7,397,13.81,92,63.0,,,2874,27,0.94,32,1.11,83,2.89,40,1.39,,,
2015,51,2015-12-13,2015-12-19,,45.4,14,11,21,46,0.0045,0.0036,0.0068,0.0149,4.0,0.0,0.147,0.032,0.0,0.003,0.023,0.081,0.027,157.8,0.0066,0.0009,1.52,,,,,3077,50,1.62,56,1.82,381,12.38,103,82.0,,,3077,26,0.84,35,1.14,83,2.7,26,0.84,,,
2015,52,2015-12-20,2015-12-26,,39.9,29,10,30,69,0.009,0.0031,0.0093,0.0213,0.0,1.0,0.264,0.126,0.0,0.015,0.012,0.099,0.043,167.9,0.0062,0.0014,1.54,,,,,3232,30,0.93,42,1.3,338,10.46,105,80.0,,,3232,31,0.96,33,1.02,77,2.38,39,1.21,,,
2016,1,2015-12-27,2016-01-02,,46.2,49,13,35,97,0.0157,0.0042,0.0112,0.031,,,0.493,0.212,0.059,0.012,0.011,0.077,0.056,163.1,,0.0011,2.13,,,,,3124,35,1.12,78,2.5,318,10.18,83,66.0,,,3124,30,0.96,27,0.86,71,2.27,27,0.86,,,
2016,2,2016-01-03,2016-01-09,,39.9,85,10,46,141,0.0265,0.0031,0.0144,0.044,4.0,0.0,0.435,0.152,0.0,0.024,0.011,0.086,0.055,155.3,0.0046,0.0011,1.57,,,,,3204,44,1.37,90,2.81,334,10.42,84,66.0,,,3204,36,1.12,34,1.06,67,2.09,20,0.62,,,
2016,3,2016-01-10,2016-01-16,,55.3,102,13,51,166,0.0329,0.0042,0.0165,0.0536,8.0,0.0,0.58,0.333,0.059,0.024,0.045,0.095,0.082,159.5,0.0078,0.0006,1.62,,,,,3096,39,1.26,96,3.1,269,8.69,91,72.0,,,3096,41,1.32,28,0.9,49,1.58,21,0.68,,,
2016,4,2016-01-17,2016-01-23,,69.0,161,13,56,230,0.0491,0.004,0.0171,0.0701,8.0,1.0,1.247,0.515,0.029,0.038,0.08,0.138,0.142,162.5,0.0095,0.0008,1.77,,,,,3280,47,1.43,125,3.81,307,9.36,99,84.0,,,3280,19,0.58,24,0.73,49,1.49,19,0.58,,,
2016,5,2016-01-24,2016-01-30,,40.1,228,11,67,306,0.0645,0.0031,0.0189,0.0865,12.0,0.0,1.653,0.273,0.059,0.05,0.102,0.206,0.173,177.5,0.0096,0.0011,2.57,0.0,0.0,3.0,0.0,3537,21,0.59,130,3.68,330,9.33,84,64.0,,,3537,21,0.59,15,0.42,39,1.1,17,0.48,,,
2016,6,2016-01-31,2016-02-06,,53.4,407,55,156,618,0.1034,0.014,0.0396,0.1571,40.0,2.0,2.812,1.031,0.176,0.088,0.199,0.456,0.348,221.8,0.0084,0.0011,2.44,0.0,3.0,12.0,3.0,3935,49,1.25,157,3.99,290,7.37,100,84.0,,,3935,27,0.69,20,0.51,43,1.09,31,0.79,,,
2016,7,2016-02-07,2016-02-13,,54.7,708,59,244,1011,0.1558,0.013,0.0537,0.2225,0.0,2.0,4.958,1.091,0.205,0.135,0.216,0.705,0.518,295.0,,0.0009,0.0,3.0,5.0,18.0,18.0,4544,56,1.23,183,4.03,272,5.99,100,85.0,,,4544,33,0.73,37,0.81,53,1.17,35,0.77,,,
2016,8,2016-02-14,2016-02-20,,47.6,783,52,336,1171,0.1599,0.0106,0.0686,0.2392,3.0,3.0,4.842,0.758,0.205,0.168,0.38,1.04,0.607,242.7,0.0098,0.0012,3.53,4.0,9.0,13.0,18.0,4896,61,1.25,219,4.47,271,5.24,90,81.0,,,4896,28,0.57,29,0.59,55,1.12,29,0.59,,,
2016,9,2016-02-21,2016-02-27,,67.7,850,55,370,1275,0.1714,0.0111,0.0746,0.2571,51.0,8.0,6.176,1.698,0.205,0.144,0.369,0.877,0.671,246.8,0.0111,0.0011,4.23,1.0,6.0,18.0,13.0,4959,64,1.29,190,3.83,217,4.38,105,90.0,,,4959,27,0.54,27,0.54,41,0.83,22,0.44,,,
2016,10,2016-02-28,2016-03-05,,82.3,739,45,504,1288,0.1446,0.0088,0.0986,0.2521,88.0,2.0,5.625,1.788,0.352,0.135,0.324,0.903,0.645,256.8,0.0143,0.0012,4.45,2.0,6.0,10.0,24.0,5110,66,1.29,184,3.6,258,5.05,85,75.0,,,5110,23,0.45,22,0.43,49,0.96,33,0.65,,,
2016,11,2016-03-06,2016-03-12,,70.2,474,25,506,1005,0.1019,0.0054,0.1088,0.2161,61.0,2.0,3.624,1.485,0.205,0.127,0.153,0.739,0.459,247.7,0.0134,0.001,3.46,2.0,4.0,10.0,17.0,4651,56,1.2,157,3.38,244,5.25,76,69.0,,,4651,16,0.34,21,0.45,34,0.73,18,0.39,,,
2016,12,2016-03-13,2016-03-19,,69.7,315,20,441,776,0.0742,0.0047,0.1038,0.1827,31.0,7.0,2.841,1.394,0.176,0.106,0.159,0.61,0.389,243.4,0.0114,0.001,2.83,1.0,3.0,10.0,13.0,4247,63,1.48,166,3.91,270,6.36,99,78.0,,,4247,24,0.57,18,0.42,31,0.73,19,0.45,,,
2016,13,2016-03-20,2016-03-26,,59.9,273,18,367,658,0.0842,0.0056,0.1132,0.203,19.0,3.0,2.783,0.879,0.381,0.106,0.261,0.8,0.427,245.9,0.0106,0.0013,1.62,2.0,2.0,11.0,16.0,3241,74,2.28,148,4.57,241,7.44,80,63.0,,,3241,12,0.37,12,0.37,19,0.59,22,0.68,,,
2016,14,2016-03-27,2016-04-02,,68.2,372,30,572,974,0.0705,0.0057,0.1085,0.1847,2.0,2.0,3.073,0.758,0.147,0.1,0.227,0.593,0.38,248.5,0.0098,0.0017,3.44,2.0,6.0,6.0,18.0,5273,64,1.21,195,3.7,349,6.62,110,75.0,,,5273,29,0.55,30,0.57,40,0.76,30,0.57,,,
2016,15,2016-04-03,2016-04-09,,57.9,271,22,411,704,0.0652,0.0053,0.0988,0.1693,4.0,3.0,2.725,0.576,0.235,0.118,0.176,0.628,0.361,220.8,0.0073,0.0022,2.53,2.0,3.0,2.0,11.0,4159,76,1.83,119,2.86,285,6.85,94,73.0,,,4159,21,0.5,13,0.31,42,1.01,24,0.58,,,
2016,16,2016-04-10,2016-04-16,,58.5,293,19,349,661,0.072,0.0047,0.0857,0.1624,18.0,3.0,2.233,0.667,0.147,0.077,0.153,0.473,0.289,208.8,0.0089,0.0015,2.41,2.0,4.0,3.0,18.0,4070,76,1.87,132,3.24,305,7.49,96,73.0,,,4070,19,0.47,4,0.1,49,1.2,23,0.57,,,
2016,17,2016-04-17,2016-04-23,,60.2,247,25,343,615,0.06,0.0061,0.0833,0.1494,14.0,6.0,2.03,0.424,0.293,0.115,0.176,0.696,0.334,210.7,0.0081,0.0021,2.48,2.0,1.0,4.0,11.0,4116,43,1.04,172,4.18,411,9.99,93,69.0,,,4116,16,0.39,12,0.29,42,1.02,20,0.49,,,
2016,18,2016-04-24,2016-04-30,,54.8,197,27,377,601,0.0454,0.0062,0.0868,0.1384,16.0,4.0,2.001,0.697,0.117,0.068,0.182,0.653,0.309,209.1,0.0084,0.0015,1.73,0.0,2.0,3.0,6.0,4342,57,1.31,180,4.15,536,12.34,120,103.0,,,4342,12,0.28,13,0.3,67,1.54,14,0.32,,,
2016,19,2016-05-01,2016-05-07,,43.1,150,20,266,436,0.0373,0.005,0.0662,0.1085,2.0,2.0,1.479,0.424,0.0,0.038,0.176,0.473,0.224,204.3,0.0059,0.0013,2.3,1.0,0.0,6.0,12.0,4017,61,1.52,153,3.81,608,15.14,103,68.0,,,4017,20,0.5,12,0.3,51,1.27,26,0.65,,,
2016,20,2016-05-08,2016-05-14,,43.4,96,21,196,313,0.0279,0.0061,0.0571,0.0911,3.0,3.0,1.073,0.333,0.117,0.053,0.091,0.49,0.195,199.9,0.0089,0.0012,2.0,2.0,1.0,3.0,15.0,3435,63,1.83,158,4.6,425,12.37,85,50.0,,,3435,11,0.32,5,0.15,57,1.66,10,0.29,,,
2016,21,2016-05-15,2016-05-21,,42.7,88,22,249,359,0.0194,0.0049,0.055,0.0792,13.0,6.0,1.218,0.546,0.029,0.05,0.057,0.387,0.181,198.1,0.0083,0.0013,1.37,1.0,3.0,1.0,5.0,4530,132,2.91,164,3.62,600,13.25,114,66.0,,,4530,25,0.55,14,0.31,82,1.81,27,0.6,,,
2016,22,2016-05-22,2016-05-28,,40.7,35,22,157,214,0.0093,0.0058,0.0415,0.0566,8.0,0.0,0.551,0.303,0.0,0.021,0.045,0.232,0.097,175.3,0.0074,0.0012,2.11,,,,,3783,87,2.3,123,3.25,510,13.48,90,59.0,,,3783,24,0.63,10,0.26,75,1.98,24,0.63,,,
2016,23,2016-05-29,2016-06-04,,44.5,26,19,75,120,0.0068,0.005,0.0197,0.0315,6.0,3.0,0.174,0.091,0.059,0.021,0.023,0.172,0.057,160.5,0.0064,0.0008,1.66,,,,,3806,106,2.79,120,3.15,521,13.69,95,55.0,,,3806,12,0.32,6,0.16,89,2.34,19,0.5,,,
2016,24,2016-06-05,2016-06-11,,32.6,22,9,72,103,0.0067,0.0027,0.0218,0.0312,0.0,1.0,0.261,0.091,0.059,0.024,0.04,0.129,0.06,161.5,0.0068,0.001,1.6,,,,,3304,106,3.21,120,3.63,444,13.44,96,54.0,,,3304,13,0.39,5,0.15,81,2.45,37,1.12,,,
2016,25,2016-06-12,2016-06-18,,39.5,3,32,46,81,0.0009,0.0098,0.0141,0.0248,3.0,0.0,0.261,0.0,0.0,0.015,0.028,0.155,0.05,160.4,0.0074,0.001,1.67,,,,,3262,107,3.28,119,3.65,438,13.43,88,56.0,,,3262,21,0.64,7,0.21,80,2.45,37,1.13,,,
2016,26,2016-06-19,2016-06-25,,45.5,6,46,45,97,0.0017,0.0133,0.013,0.0281,4.0,1.0,0.319,0.03,0.029,0.021,0.034,0.155,0.06,158.9,0.0073,0.0018,1.63,,,,,3455,134,3.88,101,2.92,479,13.86,98,51.0,,,3455,19,0.55,10,0.29,89,2.58,33,0.96,,,
2016,27,2016-06-26,2016-07-02,,49.1,3,106,38,147,0.001,0.0355,0.0127,0.0493,3.0,2.0,0.435,0.03,0.029,0.003,0.028,0.31,0.08,158.1,0.008,0.0013,1.81,,,,,2982,132,4.43,105,3.52,360,12.07,97,65.0,,,2982,25,0.84,8,0.27,77,2.58,22,0.74,,,
2016,28,2016-07-03,2016-07-09,,36.0,3,79,29,111,0.001,0.0256,0.0094,0.036,1.0,2.0,0.348,0.061,0.029,0.015,0.023,0.189,0.063,147.4,0.0072,0.0014,1.1,,,,,3087,116,3.76,140,4.54,363,11.76,89,52.0,,,3087,32,1.04,7,0.23,83,2.69,21,0.68,,,
2016,29,2016-07-10,2016-07-16,,45.5,1,82,18,101,0.0003,0.0253,0.0056,0.0312,0.0,2.0,0.145,0.121,0.0,0.018,0.04,0.206,0.063,148.4,0.0082,0.0011,1.79,,,,,3236,122,3.77,135,4.17,336,10.38,94,66.0,,,3236,24,0.74,7,0.22,92,2.84,26,0.8,,,
2016,30,2016-07-17,2016-07-23,,54.1,1,106,16,123,0.0003,0.0331,0.005,0.0384,1.0,3.0,0.087,0.061,0.0,0.021,0.04,0.206,0.059,145.6,0.0113,0.0015,1.3,,,,,3206,159,4.96,149,4.65,310,9.67,98,60.0,,,3206,16,0.5,2,0.06,71,2.21,14,0.44,,,
2016,31,2016-07-24,2016-07-30,,49.2,5,102,15,122,0.0016,0.033,0.0049,0.0395,0.0,2.0,0.261,0.121,0.029,0.012,0.028,0.249,0.071,142.2,,0.0013,0.99,,,,,3091,122,3.95,155,5.01,251,8.12,92,69.0,,,3091,21,0.68,8,0.26,73,2.36,12,0.39,,,
2016,32,2016-07-31,2016-08-06,,25.6,6,115,7,128,0.002,0.0379,0.0023,0.0422,0.0,3.0,0.174,0.061,0.029,0.024,0.034,0.301,0.079,132.1,,0.0011,1.41,,,,,3035,115,3.79,147,4.84,220,7.25,93,75.0,,,3035,19,0.63,10,0.33,53,1.75,20,0.66,,,
2016,33,2016-08-07,2016-08-13,,43.7,6,104,17,127,0.002,0.0342,0.0056,0.0417,0.0,1.0,0.406,0.03,0.0,0.018,0.04,0.275,0.082,117.2,0.0051,0.0012,1.38,,,,,3045,96,3.15,112,3.68,164,5.39,90,64.0,,,3045,13,0.43,14,0.46,45,1.48,19,0.62,,,
2016,34,2016-08-14,2016-08-20,,35.4,4,112,13,129,0.0014,0.0394,0.0046,0.0453,0.0,2.0,0.406,0.091,0.088,0.018,0.051,0.31,0.097,122.7,0.0043,0.0013,1.64,,,,,2845,84,2.95,109,3.83,128,4.5,90,62.0,,,2845,18,0.63,5,0.18,43,1.51,10,0.35,,,
2016,35,2016-08-21,2016-08-27,,43.4,6,212,10,228,0.002,0.0691,0.0033,0.0744,0.0,4.0,0.493,0.182,0.029,0.032,0.04,0.413,0.123,136.8,0.0058,0.0012,1.63,,,,,3066,93,3.03,116,3.78,147,4.79,97,66.0,,,3066,16,0.52,11,0.36,35,1.14,23,0.75,,,
2016,36,2016-08-28,2016-09-03,,50.5,6,202,11,219,0.002,0.0668,0.0036,0.0724,,,0.609,0.152,0.059,0.027,0.068,0.396,0.13,132.9,0.0082,0.0013,1.63,,,,,3025,54,1.79,105,3.47,156,5.16,94,71.0,,,3025,13,0.43,8,0.26,33,1.09,10,0.33,,,
2016,37,2016-09-04,2016-09-10,,46.4,1,231,3,235,0.0003,0.076,0.001,0.0773,4.0,2.0,0.725,0.303,0.117,0.035,0.063,0.499,0.164,139.4,0.006,0.001,1.79,,,,,3040,65,2.14,100,3.29,178,5.86,82,64.0,,,3040,10,0.33,7,0.23,44,1.45,9,0.3,,,
2016,38,2016-09-11,2016-09-17,,47.7,3,466,10,479,0.0009,0.14,0.003,0.1439,6.0,8.0,1.189,0.455,0.293,0.068,0.142,1.161,0.339,175.0,0.0099,0.001,1.61,,,,,3328,53,1.59,110,3.31,257,7.72,99,86.0,,,3328,23,0.69,7,0.21,46,1.38,16,0.48,,,
2016,39,2016-09-18,2016-09-24,,53.3,7,545,3,555,0.0018,0.1386,0.0008,0.1411,4.0,10.0,1.479,0.273,0.293,0.035,0.119,0.954,0.292,169.8,0.0094,0.0013,1.88,0.0,0.0,,1.0,3933,65,1.65,128,3.25,427,10.86,90,76.0,,,3933,35,0.89,8,0.2,51,1.3,23,0.58,,,
2016,40,2016-09-25,2016-10-01,,56.2,1,403,4,408,0.0003,0.1227,0.0012,0.1242,5.0,8.0,1.305,0.303,0.117,0.027,0.08,0.954,0.263,160.1,0.0091,0.0012,1.61,0.0,1.0,,5.0,3285,54,1.64,89,2.71,373,11.35,83,70.0,,,3285,33,1.0,8,0.24,46,1.4,21,0.64,,,
2016,41,2016-10-02,2016-10-08,,52.2,2,450,3,455,0.0005,0.1206,0.0008,0.1219,10.0,7.0,1.015,0.152,0.147,0.029,0.08,0.877,0.233,158.5,0.0081,0.0013,1.64,0.0,0.0,1.0,9.0,3732,73,1.96,92,2.47,469,12.57,97,82.0,,,3732,26,0.7,12,0.32,43,1.15,35,0.94,,,
2016,42,2016-10-09,2016-10-15,,49.0,0,343,4,347,0.0,0.1021,0.0012,0.1033,1.0,4.0,0.841,0.061,0.147,0.032,0.074,0.619,0.18,158.0,0.0075,0.0009,1.23,0.0,2.0,1.0,13.0,3359,83,2.47,74,2.2,367,10.93,90,69.0,,,3359,32,0.95,8,0.24,48,1.43,34,1.01,,,
2016,43,2016-10-16,2016-10-22,,47.4,1,270,6,277,0.0003,0.087,0.0019,0.0892,2.0,4.0,0.696,0.091,0.059,0.024,0.057,0.645,0.166,150.8,0.0069,0.0008,1.58,0.0,0.0,2.0,12.0,3105,80,2.58,64,2.06,330,10.63,91,73.0,,,3105,47,1.51,3,0.1,53,1.71,30,0.97,,,
2016,44,2016-10-23,2016-10-29,,48.6,2,284,4,290,0.0006,0.0844,0.0012,0.0862,5.0,5.0,0.87,0.243,0.0,0.05,0.051,0.49,0.165,135.6,0.0062,0.0013,1.85,0.0,0.0,,9.0,3364,119,3.54,62,1.84,347,10.32,88,62.0,,,3364,35,1.04,3,0.09,70,2.08,49,1.46,,,
2016,45,2016-10-30,2016-11-05,,47.7,1,287,1,289,0.0003,0.0873,0.0003,0.0879,6.0,2.0,0.667,0.182,0.117,0.018,0.068,0.619,0.168,151.3,0.0079,0.001,1.59,,,,,3286,104,3.16,74,2.25,342,10.41,91,69.0,,,3286,42,1.28,6,0.18,57,1.73,49,1.49,,,
2016,46,2016-11-06,2016-11-12,,47.8,1,270,1,272,0.0003,0.0791,0.0003,0.0797,4.0,3.0,0.464,0.121,0.059,0.015,0.051,0.524,0.132,151.9,0.0073,0.0011,1.55,,,,,3413,109,3.19,68,1.99,348,10.2,84,70.0,,,3413,54,1.58,8,0.23,59,1.73,51,1.49,,,
2016,47,2016-11-13,2016-11-19,,54.8,0,251,3,254,0.0,0.07,0.0008,0.0708,7.0,3.0,0.377,0.182,0.117,0.018,0.091,0.576,0.153,156.4,0.0074,0.0007,1.61,,,,,3588,105,2.93,80,2.23,419,11.68,94,77.0,,,3588,75,2.09,6,0.17,66,1.84,86,2.4,,,
2016,48,2016-11-20,2016-11-26,,46.4,1,223,1,225,0.0003,0.0644,0.0003,0.065,4.0,2.0,0.638,0.091,0.029,0.024,0.091,0.344,0.123,154.1,0.0075,0.0011,1.78,,,,,3464,100,2.89,64,1.85,420,12.12,94,72.0,,,3464,66,1.91,8,0.23,75,2.17,83,2.4,,,
2016,49,2016-11-27,2016-12-03,,47.1,2,211,5,218,0.0006,0.06,0.0014,0.0619,4.0,1.0,0.696,0.091,0.029,0.027,0.051,0.456,0.135,159.1,0.0074,0.0009,0.8,,,,,3519,91,2.59,97,2.76,392,11.14,91,79.0,,,3519,76,2.16,13,0.37,59,1.68,116,3.3,,,
2016,50,2016-12-04,2016-12-10,,50.8,1,193,2,196,0.0003,0.0528,0.0005,0.0536,5.0,1.0,0.319,0.182,0.117,0.021,0.051,0.43,0.119,169.0,0.0076,0.0007,1.64,,,,,3657,106,2.9,61,1.67,448,12.25,90,81.0,,,3657,92,2.52,20,0.55,54,1.48,119,3.25,,,
2016,51,2016-12-11,2016-12-17,,48.3,1,173,17,191,0.0003,0.0457,0.0045,0.0504,9.0,0.0,0.551,0.303,0.029,0.021,0.028,0.284,0.102,166.8,0.007,0.0009,1.82,,,,,3786,118,3.12,59,1.56,437,11.54,94,79.0,,,3786,102,2.69,11,0.29,64,1.69,99,2.61,,,
2016,52,2016-12-18,2016-12-24,,30.9,3,150,7,160,0.0008,0.041,0.0019,0.0438,5.0,1.0,0.609,0.182,0.0,0.015,0.068,0.232,0.097,160.1,0.0068,0.0013,1.53,,,,,3657,116,3.17,69,1.89,395,10.8,93,84.0,,,3657,104,2.84,13,0.36,83,2.27,97,2.65,,,
2016,53,2016-12-25,2016-12-31,,35.4,2,211,7,220,0.0006,0.0601,0.002,0.0627,1.0,0.0,0.841,0.303,0.088,0.032,0.034,0.301,0.128,165.3,,0.0007,1.53,,,,,3508,137,3.91,71,2.02,421,12.0,96,87.0,,,3508,80,2.28,16,0.46,62,1.77,99,2.82,,,
2017,1,2017-01-01,2017-01-07,,40.9,12,212,8,232,0.0032,0.0561,0.0021,0.0614,1.0,1.0,1.094,0.203,0.091,0.053,0.051,0.337,0.156,164.1,0.0049,0.0013,1.78,,,,,3777,161,4.26,75,1.99,374,9.9,95,90.0,,,3777,100,2.65,21,0.56,70,1.85,105,2.78,,,
2017,2,2017-01-08,2017-01-14,,33.5,21,279,22,322,0.0053,0.0698,0.0055,0.0805,6.0,1.0,1.272,0.523,0.03,0.044,0.056,0.354,0.176,154.7,0.0058,0.0008,1.91,,,,,3999,123,3.08,81,2.03,422,10.55,103,98.0,,,3999,99,2.48,14,0.35,98,2.45,112,2.8,,,
2017,3,2017-01-15,2017-01-21,,39.4,16,288,3,307,0.0042,0.0762,0.0008,0.0812,3.0,3.0,1.183,0.435,0.061,0.062,0.084,0.469,0.203,150.9,0.007,0.001,1.6,,,,,3780,122,3.23,96,2.54,398,10.53,83,81.0,,,3780,93,2.46,21,0.56,71,1.88,90,2.38,,,
2017,4,2017-01-22,2017-01-28,,39.9,24,261,19,304,0.0069,0.0753,0.0055,0.0878,1.0,4.0,0.976,0.348,0.121,0.041,0.107,0.387,0.175,175.1,0.0063,0.001,1.28,,,,,3464,100,2.89,87,2.51,404,11.66,74,70.0,,,3464,102,2.94,11,0.32,76,2.19,78,2.25,,,
2017,5,2017-01-29,2017-02-04,,28.1,35,320,20,375,0.0079,0.0726,0.0045,0.0851,,,1.006,0.319,0.0,0.041,0.073,0.486,0.177,184.4,,0.001,1.02,,,,,4405,103,2.34,133,3.02,413,9.38,106,103.0,,,4405,114,2.59,15,0.34,88,2.0,97,2.2,,,
2017,6,2017-02-05,2017-02-11,,48.9,25,317,14,356,0.0061,0.0772,0.0034,0.0867,1.0,0.0,1.183,0.406,0.121,0.036,0.084,0.593,0.212,156.1,0.0044,0.0009,1.89,,,,,4104,96,2.34,116,2.83,325,7.92,88,79.0,,,4104,124,3.02,14,0.34,90,2.19,93,2.27,,,
2017,7,2017-02-12,2017-02-18,,56.0,18,342,22,382,0.0043,0.0813,0.0052,0.0908,10.0,3.0,1.183,0.406,0.212,0.038,0.095,0.626,0.226,159.7,0.0078,0.0016,2.07,,,,,4209,104,2.47,73,1.73,285,6.77,90,84.0,,,4209,140,3.33,12,0.29,99,2.35,80,1.9,,,
2017,8,2017-02-19,2017-02-25,,51.9,22,345,28,395,0.0051,0.0798,0.0065,0.0914,11.0,8.0,1.331,0.494,0.243,0.038,0.084,0.626,0.235,157.4,0.0081,0.0011,2.0,0.0,0.0,0.0,1.0,4321,57,1.32,96,2.22,254,5.88,96,89.0,,,4321,139,3.22,24,0.56,113,2.62,83,1.92,,,
2017,9,2017-02-26,2017-03-04,,54.5,30,329,20,379,0.0073,0.0802,0.0049,0.0924,18.0,5.0,1.124,0.552,0.243,0.027,0.079,0.658,0.227,173.0,0.0097,0.001,2.32,1.0,2.0,3.0,9.0,4103,71,1.73,95,2.32,257,6.26,94,89.0,,,4103,110,2.68,17,0.41,110,2.68,65,1.58,,,
2017,10,2017-03-05,2017-03-11,,59.1,16,308,28,352,0.0038,0.073,0.0066,0.0834,9.0,2.0,1.035,0.494,0.243,0.027,0.112,0.519,0.206,169.7,0.0078,0.0008,2.04,0.0,1.0,2.0,11.0,4222,102,2.42,87,2.06,297,7.03,94,89.0,,,4222,131,3.1,20,0.47,109,2.58,70,1.66,,,
2017,11,2017-03-12,2017-03-18,,58.1,19,255,31,305,0.0046,0.0612,0.0074,0.0732,5.0,0.0,1.035,0.348,0.152,0.059,0.067,0.346,0.17,166.7,0.0092,0.0008,1.01,0.0,0.0,1.0,3.0,4167,76,1.82,96,2.3,291,6.98,83,78.0,,,4167,172,4.13,18,0.43,122,2.93,93,2.23,,,
2017,12,2017-03-19,2017-03-25,,55.7,37,220,31,288,0.009,0.0537,0.0076,0.0703,5.0,2.0,0.887,0.348,0.091,0.03,0.101,0.346,0.156,169.9,0.0076,0.001,2.58,0.0,0.0,1.0,5.0,4095,82,2.0,79,1.93,256,6.25,100,90.0,,,4095,131,3.2,14,0.34,125,3.05,67,1.64,,,
2017,13,2017-03-26,2017-04-01,,44.6,35,150,44,229,0.0085,0.0364,0.0107,0.0556,7.0,4.0,0.621,0.174,0.03,0.018,0.084,0.288,0.114,175.9,0.0077,0.001,1.33,1.0,0.0,3.0,13.0,4116,82,1.99,84,2.04,290,7.05,92,85.0,,,4116,117,2.84,9,0.22,125,3.04,72,1.75,,,
2017,14,2017-04-02,2017-04-08,,56.9,35,154,37,226,0.0086,0.0377,0.0091,0.0553,6.0,1.0,0.739,0.319,0.03,0.044,0.079,0.288,0.137,186.2,0.0083,0.0007,0.91,3.0,0.0,1.0,4.0,4084,114,2.79,97,2.38,324,7.93,100,95.0,,,4084,98,2.4,14,0.34,141,3.45,76,1.86,,,
2017,15,2017-04-09,2017-04-15,,39.2,30,124,46,200,0.0094,0.0387,0.0144,0.0625,1.0,3.0,0.887,0.232,0.03,0.038,0.022,0.255,0.118,171.5,0.0065,0.0013,1.04,0.0,0.0,2.0,4.0,3202,83,2.59,63,1.97,221,6.9,79,73.0,,,3202,54,1.69,8,0.25,85,2.65,44,1.37,,,
2017,16,2017-04-16,2017-04-22,,31.6,84,244,68,396,0.017,0.0493,0.0137,0.08,0.0,1.0,0.828,0.174,0.121,0.053,0.146,0.313,0.162,166.1,0.0088,0.0011,2.02,,,,,4951,162,3.27,130,2.63,421,8.5,104,101.0,,,4951,98,1.98,25,0.5,144,2.91,77,1.56,,,
2017,17,2017-04-23,2017-04-29,,49.9,128,224,39,391,0.0324,0.0567,0.0099,0.099,2.0,2.0,1.39,0.29,0.212,0.036,0.107,0.387,0.192,156.4,0.0054,0.0008,0.83,,,,,3948,130,3.29,98,2.48,294,7.45,84,77.0,,,3948,51,1.29,15,0.38,115,2.91,53,1.34,,,
2017,18,2017-04-30,2017-05-06,,54.2,145,238,51,434,0.0352,0.0578,0.0124,0.1053,5.0,2.0,1.42,0.61,0.212,0.053,0.123,0.609,0.257,169.6,0.0076,0.001,1.55,0.0,0.0,1.0,5.0,4121,126,3.06,77,1.87,334,8.1,92,83.0,,,4121,51,1.24,10,0.24,101,2.45,57,1.38,,,
2017,19,2017-05-07,2017-05-13,,50.7,126,314,54,494,0.0303,0.0755,0.013,0.1188,8.0,7.0,1.863,0.581,0.243,0.077,0.213,0.741,0.331,166.9,0.0072,0.0009,1.84,1.0,0.0,6.0,5.0,4157,124,2.98,81,1.95,374,9.0,93,86.0,,,4157,53,1.27,16,0.38,106,2.55,49,1.18,,,
2017,20,2017-05-14,2017-05-20,,55.7,125,421,40,586,0.0286,0.0964,0.0092,0.1342,19.0,8.0,1.893,0.464,0.182,0.101,0.264,1.029,0.395,179.3,0.008,0.0014,1.52,2.0,1.0,6.0,7.0,4366,125,2.86,89,2.04,420,9.62,82,73.0,,,4366,44,1.01,17,0.39,109,2.5,56,1.28,,,
2017,21,2017-05-21,2017-05-27,,50.8,95,471,52,618,0.0215,0.1068,0.0118,0.1401,17.0,6.0,2.011,0.871,0.364,0.08,0.208,1.095,0.415,179.7,0.0059,0.0021,1.61,1.0,3.0,3.0,10.0,4412,112,2.54,68,1.54,499,11.31,96,84.0,,,4412,55,1.25,14,0.32,107,2.43,53,1.2,,,
2017,22,2017-05-28,2017-06-03,,55.8,107,566,58,731,0.0228,0.1207,0.0124,0.1558,17.0,12.0,2.159,0.61,0.212,0.071,0.297,1.169,0.433,183.8,0.009,0.0017,1.89,4.0,0.0,2.0,12.0,4691,142,3.03,65,1.39,507,10.81,89,75.0,,,4691,41,0.87,20,0.43,90,1.92,51,1.09,,,
2017,23,2017-06-04,2017-06-10,,44.3,96,540,35,671,0.0215,0.1212,0.0079,0.1506,10.0,9.0,1.568,0.494,0.091,0.101,0.258,1.144,0.395,165.5,0.0073,0.0013,1.85,1.0,0.0,4.0,13.0,4456,137,3.07,61,1.37,463,10.39,83,68.0,,,4456,30,0.67,21,0.47,95,2.13,44,0.99,,,
2017,24,2017-06-11,2017-06-17,,51.5,80,596,38,714,0.0181,0.1346,0.0086,0.1612,6.0,10.0,1.775,0.523,0.091,0.124,0.213,1.457,0.457,165.3,0.0076,0.0013,2.0,1.0,0.0,2.0,14.0,4429,142,3.21,81,1.83,413,9.32,105,76.0,,,4429,26,0.59,20,0.45,97,2.19,48,1.08,,,
2017,25,2017-06-18,2017-06-24,,57.3,58,820,35,913,0.0131,0.1846,0.0079,0.2056,24.0,6.0,2.81,1.045,0.243,0.171,0.303,2.107,0.686,178.5,0.0077,0.0009,1.85,0.0,1.0,4.0,16.0,4441,134,3.02,79,1.78,332,7.48,92,60.0,,,4441,22,0.5,23,0.52,70,1.58,48,1.08,,,
2017,26,2017-06-25,2017-07-01,,67.3,79,1414,34,1527,0.0162,0.2896,0.007,0.3127,18.0,22.0,5.856,1.655,0.395,0.278,0.533,3.58,1.207,199.9,0.0103,0.0016,1.75,0.0,2.0,5.0,26.0,4883,180,3.69,113,2.31,392,8.03,79,44.0,,,4883,26,0.53,15,0.31,80,1.64,43,0.88,,,
2017,27,2017-07-02,2017-07-08,,59.8,97,2026,68,2191,0.0158,0.3293,0.0111,0.3561,18.0,24.0,6.892,1.568,0.334,0.234,0.471,4.666,1.391,207.6,0.0092,0.0015,2.15,0.0,3.0,11.0,25.0,6153,200,3.25,167,2.71,477,7.75,108,57.0,,,6153,25,0.41,28,0.46,71,1.15,51,0.83,,,
2017,28,2017-07-09,2017-07-15,,65.5,108,2560,73,2741,0.016,0.3791,0.0108,0.4059,11.0,33.0,9.139,1.393,0.607,0.307,0.875,6.395,1.913,231.2,0.0089,0.002,2.1,3.0,1.0,9.0,62.0,6753,154,2.28,201,2.98,459,6.8,98,50.0,,,6753,22,0.33,31,0.46,62,0.92,66,0.98,,,
2017,29,2017-07-16,2017-07-22,,76.4,102,2496,52,2650,0.0149,0.365,0.0076,0.3875,1.0,40.0,7.335,1.103,0.486,0.272,0.69,6.197,1.718,231.8,0.0125,0.0019,2.93,4.0,4.0,12.0,49.0,6839,152,2.22,271,3.96,380,5.56,88,51.0,,,6839,21,0.31,34,0.5,60,0.88,58,0.85,,,
2017,30,2017-07-23,2017-07-29,,72.4,42,2326,34,2402,0.0062,0.3425,0.005,0.3537,1.0,38.0,4.939,1.161,0.364,0.284,0.656,5.679,1.518,230.8,,0.0012,2.56,1.0,5.0,5.0,61.0,6791,142,2.09,301,4.43,311,4.58,96,62.0,,,6791,3,0.04,23,0.34,44,0.65,46,0.68,,,
2017,31,2017-07-30,2017-08-05,,63.9,21,1391,37,1449,0.0037,0.2423,0.0064,0.2524,2.0,13.0,3.461,0.377,0.091,0.148,0.353,3.226,0.863,174.6,,0.0015,2.05,1.0,1.0,8.0,48.0,5742,91,1.58,299,5.21,294,5.12,93,62.0,,,5742,4,0.07,14,0.24,15,0.26,27,0.47,,,
2017,32,2017-08-06,2017-08-12,,57.0,23,852,32,907,0.0045,0.1671,0.0063,0.1779,0.0,12.0,2.07,0.494,0.091,0.106,0.252,2.025,0.564,153.2,0.0058,0.0009,1.9,0.0,2.0,6.0,57.0,5099,116,2.27,358,7.02,203,3.98,89,42.0,,,5099,7,0.14,18,0.35,25,0.49,34,0.67,,,
2017,33,2017-08-13,2017-08-19,,53.6,47,489,45,581,0.0102,0.1065,0.0098,0.1266,0.0,7.0,1.508,0.348,0.121,0.089,0.14,1.317,0.381,137.2,0.0047,0.0011,1.85,0.0,3.0,5.0,23.0,4590,78,1.7,341,7.43,194,4.23,94,59.0,,,4590,3,0.07,5,0.11,22,0.48,18,0.39,,,
2017,34,2017-08-20,2017-08-26,,52.3,25,299,50,374,0.0059,0.071,0.0119,0.0888,0.0,2.0,1.035,0.174,0.061,0.038,0.118,0.626,0.207,137.1,,0.0013,1.95,0.0,1.0,0.0,18.0,4214,68,1.61,395,9.37,206,4.89,103,59.0,,,4214,6,0.14,12,0.28,19,0.45,19,0.45,,,
2017,35,2017-08-27,2017-09-02,,38.1,17,121,43,181,0.0044,0.0316,0.0112,0.0472,0.0,2.0,0.769,0.116,0.091,0.038,0.084,0.428,0.153,123.5,0.0051,0.001,0.83,0.0,2.0,0.0,13.0,3835,79,2.06,323,8.42,220,5.74,87,68.0,,,3835,6,0.16,15,0.39,17,0.44,19,0.5,,,
2017,36,2017-09-03,2017-09-09,,42.8,25,69,38,132,0.0066,0.0183,0.0101,0.035,0.0,3.0,0.444,0.145,0.091,0.027,0.073,0.346,0.118,127.6,0.0042,0.0012,1.7,,,,,3774,56,1.48,375,9.94,252,6.68,89,76.0,,,3774,4,0.11,15,0.4,11,0.29,10,0.26,,,
2017,37,2017-09-10,2017-09-16,,48.7,25,57,59,141,0.0062,0.0141,0.0146,0.0348,3.0,3.0,0.473,0.232,0.0,0.036,0.067,0.379,0.127,147.1,0.0083,0.001,1.71,,,,,4046,58,1.43,401,9.91,363,8.97,95,78.0,,,4046,5,0.12,18,0.44,13,0.32,21,0.52,,,
2017,38,2017-09-17,2017-09-23,,47.3,7,49,52,108,0.0017,0.0119,0.0126,0.0262,5.0,0.0,0.532,0.261,0.061,0.021,0.034,0.173,0.085,156.6,0.007,0.0011,1.8,,,,,4123,75,1.82,337,8.17,502,12.18,100,96.0,,,4123,6,0.15,8,0.19,26,0.63,22,0.53,,,
2017,39,2017-09-24,2017-09-30,,42.4,9,22,45,76,0.0023,0.0056,0.0115,0.0195,2.0,0.0,0.444,0.203,0.03,0.03,0.022,0.148,0.074,150.8,0.006,0.0011,0.78,,,,,3898,61,1.56,329,8.44,487,12.49,94,91.0,,,3898,7,0.18,19,0.49,35,0.9,21,0.54,,,
2017,40,2017-10-01,2017-10-07,,39.4,10,13,32,55,0.0028,0.0037,0.009,0.0154,1.0,1.0,0.414,0.058,0.061,0.012,0.017,0.14,0.057,152.6,0.0064,0.0014,0.91,,,,,3560,79,2.22,282,7.92,492,13.82,95,81.0,,,3560,6,0.17,16,0.45,26,0.73,26,0.73,,,
2017,41,2017-10-08,2017-10-14,,34.0,7,26,49,82,0.0018,0.0068,0.0128,0.0214,2.0,1.0,0.296,0.203,0.091,0.027,0.011,0.165,0.069,143.0,0.0078,0.0011,1.2,,,,,3838,87,2.27,259,6.75,482,12.56,82,73.0,,,3838,6,0.16,32,0.83,41,1.07,24,0.63,,,
2017,42,2017-10-15,2017-10-21,,43.7,2,26,41,69,0.0005,0.0071,0.0112,0.0189,1.0,0.0,0.266,0.145,0.03,0.003,0.006,0.082,0.037,138.7,0.0067,0.0009,1.94,,,,,3653,98,2.68,206,5.64,444,12.15,102,90.0,,,3653,10,0.27,17,0.47,48,1.31,31,0.85,,,
2017,43,2017-10-22,2017-10-28,,40.1,7,17,50,74,0.0021,0.0051,0.0149,0.0221,4.0,0.0,0.325,0.232,0.03,0.012,0.006,0.123,0.054,148.3,0.0086,0.001,1.03,,,,,3348,108,3.23,120,3.58,436,13.02,90,77.0,,,3348,15,0.45,30,0.9,41,1.22,20,0.6,,,
2017,44,2017-10-29,2017-11-04,,37.8,9,27,62,98,0.0022,0.0065,0.0149,0.0235,1.0,2.0,0.325,0.29,0.0,0.015,0.017,0.099,0.056,156.2,0.0078,0.0009,1.15,,,,,4171,107,2.57,91,2.18,476,11.41,103,91.0,,,4171,19,0.46,29,0.7,53,1.27,37,0.89,,,
2017,45,2017-11-05,2017-11-11,,43.8,2,21,54,77,0.0005,0.0054,0.0139,0.0198,5.0,1.0,0.266,0.116,0.03,0.012,0.039,0.041,0.041,150.5,0.0075,0.0008,2.08,,,,,3891,95,2.44,74,1.9,448,11.51,81,72.0,,,3891,14,0.36,27,0.69,67,1.72,27,0.69,,,
2017,46,2017-11-12,2017-11-18,,39.5,8,11,48,67,0.0021,0.0029,0.0127,0.0177,2.0,0.0,0.207,0.116,0.0,0.012,0.028,0.041,0.034,146.1,0.0063,0.0009,2.16,,,,,3780,95,2.51,37,0.98,404,10.69,103,95.0,,,3780,9,0.24,32,0.85,62,1.64,30,0.79,,,
2017,47,2017-11-19,2017-11-25,,43.2,14,9,58,81,0.0038,0.0025,0.0158,0.0221,1.0,0.0,0.355,0.319,0.0,0.015,0.028,0.115,0.064,144.5,0.0067,0.0006,1.33,,,,,3667,93,2.54,30,0.82,398,10.85,101,95.0,,,3667,10,0.27,31,0.85,81,2.21,30,0.82,,,
2017,48,2017-11-26,2017-12-02,,35.4,11,23,69,103,0.0029,0.0061,0.0182,0.0272,5.0,0.0,0.503,0.261,0.061,0.012,0.039,0.115,0.072,149.5,0.008,0.0009,2.28,,,,,3792,94,2.48,26,0.69,370,9.76,95,89.0,,,3792,16,0.42,28,0.74,81,2.14,37,0.98,,,
2017,49,2017-12-03,2017-12-09,,41.4,9,15,85,109,0.0023,0.0039,0.0219,0.0281,3.0,1.0,0.532,0.261,0.091,0.015,0.051,0.198,0.092,156.0,0.0072,0.001,1.96,,,,,3882,98,2.52,33,0.85,413,10.64,102,99.0,,,3882,21,0.54,28,0.72,72,1.85,41,1.06,,,
2017,50,2017-12-10,2017-12-16,,42.4,18,18,104,140,0.0044,0.0044,0.0254,0.0342,5.0,0.0,0.414,0.29,0.061,0.021,0.067,0.189,0.092,160.8,0.006,0.0009,0.86,,,,,4094,73,1.78,17,0.42,437,10.67,104,104.0,,,4094,16,0.39,23,0.56,96,2.34,39,0.95,,,
2017,51,2017-12-17,2017-12-23,,38.5,13,24,172,209,0.0032,0.0059,0.0421,0.0512,3.0,0.0,0.858,0.494,0.152,0.05,0.056,0.296,0.154,169.3,0.0045,0.0009,2.24,,,,,4085,75,1.84,24,0.59,405,9.91,100,96.0,,,4085,19,0.47,23,0.56,88,2.15,48,1.18,,,
2017,52,2017-12-24,2017-12-30,,32.2,41,34,343,418,0.0091,0.0075,0.0759,0.0925,0.0,2.0,1.745,1.074,0.121,0.068,0.095,0.519,0.275,194.8,,0.0008,2.35,,,,,4518,105,2.32,20,0.44,418,9.25,109,107.0,,,4518,20,0.44,29,0.64,114,2.52,34,0.75,,,
2018,1,2017-12-31,2018-01-06,,39.8,80,74,528,682,0.0171,0.0158,0.1125,0.1454,1.0,3.0,3.551,1.082,0.215,0.116,0.255,0.757,0.46,207.1,0.0077,0.0008,1.24,0.0,2.0,4.0,13.0,4692,90,1.92,28,0.6,34,0.72,411,8.76,,,4692,22,0.47,24,0.51,114,2.43,49,1.04,,,
2018,2,2018-01-07,2018-01-13,,57.8,86,57,681,824,0.0168,0.0112,0.1334,0.1614,24.0,2.0,4.408,1.47,0.43,0.14,0.216,1.206,0.604,195.6,0.0069,0.0008,1.02,1.0,0.0,5.0,18.0,5105,98,1.92,18,0.35,27,0.53,389,7.62,,,5105,32,0.63,44,0.86,151,2.96,53,1.04,,,
2018,3,2018-01-14,2018-01-20,,70.0,179,118,1346,1643,0.0249,0.0164,0.1876,0.229,73.0,11.0,7.469,3.161,0.706,0.282,0.62,2.823,1.269,235.8,0.016,0.0009,2.78,2.0,8.0,10.0,21.0,7176,102,1.42,29,0.4,52,0.72,461,6.42,,,7176,44,0.61,28,0.39,181,2.52,65,0.91,,,
2018,4,2018-01-21,2018-01-27,,76.8,164,96,1681,1941,0.0217,0.0127,0.2223,0.2567,94.0,15.0,9.03,3.439,1.044,0.351,0.786,2.783,1.43,245.7,0.0143,0.0009,2.54,6.0,5.0,10.0,36.0,7562,81,1.07,45,0.6,72,0.95,468,6.19,,,7562,47,0.62,25,0.33,173,2.29,67,0.89,,,
2018,5,2018-01-28,2018-02-03,,75.4,175,83,1492,1750,0.0237,0.0112,0.2016,0.2365,105.0,8.0,7.285,3.688,0.891,0.232,0.553,2.389,1.182,237.4,0.0124,0.0007,2.14,2.0,4.0,11.0,42.0,7399,97,1.31,68,0.92,62,0.84,456,6.16,,,7399,43,0.58,36,0.49,178,2.41,72,0.97,,,
2018,6,2018-02-04,2018-02-10,,71.3,270,78,1614,1962,0.0323,0.0093,0.1933,0.235,89.0,17.0,7.132,3.522,1.505,0.33,0.747,3.288,1.438,260.3,0.0096,0.0012,2.54,2.0,6.0,20.0,48.0,8350,90,1.08,47,0.56,89,1.07,453,5.43,,,8350,35,0.42,23,0.28,145,1.74,89,1.07,,,
2018,7,2018-02-11,2018-02-17,,36.4,221,65,1391,1677,0.035,0.0103,0.22,0.2653,8.0,20.0,7.01,2.135,0.676,0.357,0.857,4.053,1.499,274.7,,0.0012,0.0,0.0,9.0,19.0,55.0,6322,47,0.74,35,0.55,81,1.28,296,4.68,,,6322,21,0.33,12,0.19,119,1.88,45,0.71,,,
2018,8,2018-02-18,2018-02-24,,57.4,418,80,1978,2476,0.0434,0.0083,0.2052,0.2569,0.0,16.0,7.53,1.498,0.614,0.306,0.719,3.911,1.408,254.3,,0.0012,1.52,2.0,2.0,14.0,54.0,9638,93,0.96,57,0.59,119,1.23,491,5.09,,,9638,48,0.5,18,0.19,207,2.15,83,0.86,,,
2018,9,2018-02-25,2018-03-03,,47.9,389,58,1064,1511,0.0528,0.0079,0.1445,0.2052,13.0,6.0,5.785,1.47,0.307,0.277,0.564,2.965,1.104,205.6,0.0057,0.0013,2.5,0.0,5.0,14.0,51.0,7363,82,1.11,66,0.9,138,1.87,365,4.96,,,7363,36,0.49,21,0.29,133,1.81,63,0.86,,,
2018,10,2018-03-04,2018-03-10,,40.2,328,40,692,1060,0.0515,0.0063,0.1085,0.1663,46.0,8.0,4.683,1.193,0.491,0.155,0.332,1.814,0.743,178.1,0.0073,0.001,2.28,2.0,0.0,3.0,27.0,6375,83,1.3,87,1.36,135,2.12,338,5.3,,,6375,44,0.69,20,0.31,141,2.21,57,0.89,,,
2018,11,2018-03-11,2018-03-17,,45.3,260,35,430,725,0.046,0.0062,0.076,0.1282,20.0,10.0,3.398,0.832,0.246,0.098,0.271,1.041,0.488,172.0,0.0071,0.0013,2.09,3.0,0.0,5.0,28.0,5655,52,0.92,82,1.45,198,3.5,366,6.47,,,5655,30,0.53,13,0.23,141,2.49,57,1.01,,,
2018,12,2018-03-18,2018-03-24,,44.5,185,32,268,485,0.0341,0.0059,0.0494,0.0894,8.0,3.0,2.235,0.555,0.154,0.086,0.188,0.71,0.337,165.9,0.0074,0.0008,2.19,0.0,1.0,4.0,14.0,5426,58,1.07,107,1.97,184,3.39,460,8.48,,,5426,34,0.63,17,0.31,125,2.3,41,0.76,,,
2018,13,2018-03-25,2018-03-31,,35.9,75,16,135,226,0.0188,0.004,0.0339,0.0567,3.0,1.0,0.949,0.333,0.031,0.045,0.111,0.489,0.189,167.3,0.0071,0.0012,1.49,0.0,1.0,1.0,19.0,3988,42,1.05,61,1.53,133,3.34,444,11.13,,,3988,26,0.65,9,0.23,96,2.41,50,1.25,,,
2018,14,2018-04-01,2018-04-07,,21.8,77,24,114,215,0.0132,0.0041,0.0196,0.0369,,,0.643,0.166,0.123,0.036,0.055,0.244,0.113,156.6,,0.0008,1.34,1.0,0.0,0.0,13.0,5831,72,1.23,93,1.59,247,4.24,654,11.22,,,5831,43,0.74,16,0.27,157,2.69,39,0.67,,,
2018,15,2018-04-08,2018-04-14,,25.1,78,28,47,153,0.0173,0.0062,0.0104,0.034,1.0,0.0,0.643,0.166,0.031,0.051,0.061,0.197,0.109,147.7,0.0046,0.0011,1.0,0.0,0.0,0.0,6.0,4503,48,1.07,71,1.58,185,4.11,524,11.64,,,4503,17,0.38,13,0.29,118,2.62,45,1.0,,,
2018,16,2018-04-15,2018-04-21,,41.4,53,16,17,86,0.0123,0.0037,0.0039,0.02,3.0,0.0,0.367,0.25,0.031,0.027,0.072,0.079,0.073,144.1,0.0051,0.0007,1.67,0.0,1.0,1.0,3.0,4308,55,1.28,67,1.56,177,4.11,461,10.7,,,4308,23,0.53,6,0.14,119,2.76,40,0.93,,,
2018,17,2018-04-22,2018-04-28,,47.1,70,21,20,111,0.0161,0.0048,0.0046,0.0255,3.0,3.0,0.337,0.166,0.031,0.024,0.044,0.063,0.056,149.3,0.0051,0.001,1.51,1.0,1.0,2.0,4.0,4348,48,1.1,59,1.36,167,3.84,509,11.71,,,4348,20,0.46,12,0.28,116,2.67,48,1.1,,,
2018,18,2018-04-29,2018-05-05,,46.9,55,15,24,94,0.0127,0.0035,0.0055,0.0217,1.0,0.0,0.459,0.111,0.031,0.006,0.055,0.071,0.055,153.8,0.0074,0.0011,1.68,0.0,1.0,1.0,4.0,4334,51,1.18,61,1.41,208,4.8,564,13.01,,,4334,16,0.37,16,0.37,84,1.94,30,0.69,,,
2018,19,2018-05-06,2018-05-12,,42.9,40,14,18,72,0.0095,0.0033,0.0043,0.0171,2.0,0.0,0.276,0.111,0.0,0.009,0.011,0.079,0.038,145.7,0.006,0.0009,1.45,0.0,2.0,0.0,2.0,4205,60,1.43,71,1.69,227,5.4,502,11.94,,,4205,29,0.69,11,0.26,105,2.5,28,0.67,,,
2018,20,2018-05-13,2018-05-19,,41.6,35,15,3,53,0.0081,0.0035,0.0007,0.0122,3.0,0.0,0.367,0.083,0.031,0.009,0.022,0.095,0.047,144.4,0.0055,0.0009,1.51,0.0,0.0,0.0,2.0,4329,46,1.06,88,2.03,248,5.73,526,12.15,,,4329,35,0.81,11,0.25,134,3.1,57,1.32,,,
2018,21,2018-05-20,2018-05-26,,38.9,30,20,8,58,0.0071,0.0047,0.0019,0.0137,1.0,0.0,0.184,0.028,0.0,0.009,0.011,0.039,0.023,146.5,0.0085,0.0012,1.13,1.0,2.0,0.0,1.0,4229,44,1.04,84,1.99,272,6.43,489,11.56,,,4229,30,0.71,9,0.21,134,3.17,58,1.37,,,
2018,22,2018-05-27,2018-06-02,,38.3,32,12,4,48,0.0076,0.0029,0.001,0.0114,1.0,1.0,0.092,0.083,0.031,0.006,0.017,0.071,0.028,138.2,0.0072,0.0011,1.55,1.0,0.0,0.0,2.0,4201,44,1.05,141,3.36,269,6.4,456,10.85,,,4201,33,0.79,18,0.43,119,2.83,57,1.36,,,
2018,23,2018-06-03,2018-06-09,,39.2,39,15,4,58,0.0097,0.0037,0.001,0.0145,1.0,1.0,0.184,0.083,0.031,0.006,0.022,0.079,0.035,132.2,0.0083,0.001,0.7,0.0,0.0,1.0,1.0,4004,39,0.97,114,2.85,211,5.27,383,9.57,,,4004,24,0.6,15,0.37,92,2.3,64,1.6,,,
2018,24,2018-06-10,2018-06-16,,31.8,43,6,4,53,0.0105,0.0015,0.001,0.0129,1.0,1.0,0.214,0.083,0.0,0.012,0.017,0.095,0.039,131.4,0.006,0.0007,1.64,0.0,1.0,0.0,2.0,4102,38,0.93,161,3.92,195,4.75,325,7.92,,,4102,19,0.46,17,0.41,95,2.32,68,1.66,,,
2018,25,2018-06-17,2018-06-23,,41.2,37,6,1,44,0.0094,0.0015,0.0003,0.0112,1.0,1.0,0.153,0.083,0.0,0.015,0.011,0.063,0.031,139.0,0.0077,0.0008,1.44,0.0,0.0,1.0,3.0,3927,35,0.89,125,3.18,222,5.65,324,8.25,,,3927,20,0.51,14,0.36,82,2.09,65,1.66,,,
2018,26,2018-06-24,2018-06-30,,37.1,17,11,4,32,0.0043,0.0028,0.001,0.008,,,0.061,0.166,0.061,0.006,0.022,0.047,0.03,132.8,0.0065,0.0014,0.46,0.0,0.0,0.0,2.0,3985,53,1.33,153,3.84,203,5.09,340,8.53,,,3985,14,0.35,15,0.38,97,2.43,81,2.03,,,
2018,27,2018-07-01,2018-07-07,,41.8,26,34,8,68,0.0068,0.0089,0.0021,0.0177,1.0,1.0,0.367,0.139,0.061,0.015,0.011,0.055,0.044,135.0,0.0072,0.0012,1.35,0.0,0.0,1.0,0.0,3835,71,1.85,160,4.17,196,5.11,360,9.39,,,3835,22,0.57,25,0.65,91,2.37,63,1.64,,,
2018,28,2018-07-08,2018-07-14,,41.0,85,20,3,108,0.0221,0.0052,0.0008,0.0281,3.0,1.0,0.582,0.166,0.123,0.009,0.033,0.095,0.067,129.9,0.0068,0.0008,1.57,1.0,0.0,2.0,1.0,3848,54,1.4,207,5.38,176,4.57,342,8.89,,,3848,26,0.68,9,0.23,86,2.23,65,1.69,,,
2018,29,2018-07-15,2018-07-21,,31.0,97,18,6,121,0.0229,0.0042,0.0014,0.0286,2.0,1.0,0.643,0.25,0.0,0.021,0.033,0.063,0.068,129.7,0.0078,0.0006,1.32,0.0,0.0,0.0,2.0,4238,61,1.44,222,5.24,154,3.63,430,10.15,,,4238,18,0.42,15,0.35,75,1.77,83,1.96,,,
2018,30,2018-07-22,2018-07-28,,25.5,67,19,2,88,0.0164,0.0047,0.0005,0.0216,,,0.49,0.111,0.061,0.021,0.011,0.055,0.051,124.2,,0.0009,1.3,0.0,0.0,0.0,2.0,4801,43,1.05,197,4.83,144,3.53,317,7.77,,,4081,19,0.47,23,0.56,40,0.98,66,1.62,,,
2018,31,2018-07-29,2018-08-04,,17.3,66,4,2,72,0.0162,0.001,0.0005,0.0177,,,0.398,0.083,0.031,0.021,0.028,0.079,0.052,122.9,,0.0007,1.7,0.0,1.0,0.0,1.0,4077,43,1.05,213,5.22,120,2.94,285,6.99,,,4077,27,0.66,17,0.42,30,0.74,38,0.93,,,
2018,32,2018-08-05,2018-08-11,,19.1,55,18,2,75,0.0131,0.0043,0.0005,0.0179,,,0.429,0.028,0.123,0.021,0.028,0.071,0.054,126.8,0.0067,0.0009,1.45,0.0,0.0,0.0,2.0,4183,46,1.1,236,5.64,118,2.82,249,5.95,,,4183,24,0.57,10,0.24,23,0.55,46,1.1,,,
2018,33,2018-08-12,2018-08-18,,36.4,89,27,4,120,0.0215,0.0065,0.001,0.0289,2.0,1.0,0.49,0.361,0.031,0.021,0.039,0.134,0.082,122.5,0.0069,0.0012,1.49,0.0,0.0,0.0,0.0,4149,34,0.82,227,5.47,104,2.51,241,5.81,,,4149,12,0.29,18,0.43,28,0.67,51,1.23,,,
2018,34,2018-08-19,2018-08-25,,44.2,78,24,1,103,0.0186,0.0057,0.0002,0.0246,1.0,1.0,0.735,0.194,0.031,0.021,0.044,0.15,0.089,129.9,,0.0009,2.07,1.0,0.0,0.0,4.0,4190,42,1.0,258,6.16,93,2.22,247,5.89,,,4190,10,0.24,19,0.45,20,0.48,48,1.15,,,
2018,35,2018-08-26,2018-09-01,,37.2,51,46,0,97,0.012,0.0108,0.0,0.0229,,,0.306,0.083,0.031,0.015,0.044,0.158,0.063,126.2,0.0057,0.0009,1.55,0.0,1.0,1.0,0.0,4245,55,1.3,250,5.89,83,1.96,245,5.77,,,4245,7,0.16,15,0.35,33,0.78,45,1.06,,,
2018,36,2018-09-02,2018-09-08,,48.2,61,68,3,132,0.0145,0.0162,0.0007,0.0314,1.0,1.0,0.612,0.277,0.031,0.018,0.039,0.174,0.089,133.9,0.0064,0.0007,0.69,0.0,0.0,0.0,4.0,4207,57,1.35,236,5.61,50,1.19,270,6.42,,,4207,13,0.31,8,0.19,19,0.45,38,0.9,,,
2018,37,2018-09-09,2018-09-15,,31.7,73,60,0,133,0.0169,0.0139,0.0,0.0308,4.0,2.0,0.612,0.166,0.0,0.024,0.055,0.15,0.085,142.1,0.007,0.0009,1.04,0.0,0.0,2.0,0.0,4321,58,1.34,229,5.3,49,1.13,426,9.86,,,4321,16,0.37,8,0.19,20,0.46,43,1.0,,,
2018,38,2018-09-16,2018-09-22,,18.5,74,39,1,114,0.0185,0.0098,0.0003,0.0286,1.0,0.0,0.612,0.083,0.0,0.015,0.044,0.103,0.066,139.4,0.0087,0.0006,1.99,0.0,0.0,1.0,3.0,3991,46,1.15,206,5.16,32,0.8,456,11.43,,,3991,17,0.43,12,0.3,24,0.6,29,0.73,,,
2018,39,2018-09-23,2018-09-29,,18.6,92,47,0,139,0.0225,0.0115,0.0,0.034,1.0,0.0,0.765,0.139,0.031,0.033,0.039,0.166,0.094,143.0,0.0073,0.0008,0.75,0.0,0.0,0.0,6.0,4083,46,1.13,205,5.02,39,0.96,455,11.14,,,4083,13,0.32,9,0.22,15,0.37,40,0.98,,,
2018,40,2018-09-30,2018-10-06,,32.3,114,27,3,144,0.0271,0.0064,0.0007,0.0343,1.0,0.0,1.01,0.222,0.061,0.009,0.028,0.134,0.091,145.8,0.0074,0.001,1.45,0.0,0.0,0.0,2.0,4200,66,1.57,194,4.62,36,0.86,498,11.86,,,4200,22,0.52,17,0.4,18,0.43,55,1.31,,,
2018,41,2018-10-07,2018-10-13,,27.0,72,22,1,95,0.0167,0.0051,0.0002,0.0221,6.0,0.0,0.704,0.083,0.0,0.009,0.039,0.087,0.063,134.7,0.0075,0.001,1.48,0.0,0.0,2.0,4.0,4299,61,1.42,126,2.93,27,0.63,521,12.12,,,4299,25,0.58,18,0.42,25,0.58,45,1.05,,,
2018,42,2018-10-14,2018-10-20,,30.5,49,19,0,68,0.0122,0.0047,0.0,0.017,3.0,0.0,0.429,0.083,0.031,0.006,0.0,0.095,0.043,137.6,0.007,0.0006,2.01,0.0,1.0,1.0,1.0,4006,52,1.3,101,2.52,18,0.45,484,12.08,,,4006,13,0.32,8,0.2,24,0.6,46,1.15,,,
2018,43,2018-10-21,2018-10-27,,32.1,60,22,4,86,0.0141,0.0052,0.0009,0.0202,3.0,1.0,0.612,0.139,0.0,0.018,0.028,0.087,0.063,140.4,0.0072,0.001,1.57,0.0,0.0,0.0,0.0,4256,53,1.25,102,2.4,23,0.54,547,12.85,,,4256,25,0.59,13,0.31,28,0.66,44,1.03,,,
2018,44,2018-10-28,2018-11-03,,39.6,96,31,4,131,0.0216,0.007,0.0009,0.0294,2.0,1.0,0.704,0.277,0.061,0.018,0.039,0.166,0.093,160.8,0.0101,0.0006,1.17,1.0,0.0,1.0,1.0,4449,71,1.6,83,1.87,38,0.85,546,12.27,,,4449,36,0.81,12,0.27,51,1.15,49,1.1,,,
2018,45,2018-11-04,2018-11-10,,31.2,100,53,8,161,0.0219,0.0116,0.0018,0.0353,6.0,0.0,0.673,0.527,0.061,0.015,0.044,0.237,0.115,147.7,0.0067,0.0009,1.73,0.0,0.0,0.0,0.0,4562,76,1.67,69,1.51,30,0.66,573,12.56,,,4562,42,0.92,13,0.28,42,0.92,76,1.67,,,
2018,46,2018-11-11,2018-11-17,,24.5,112,30,6,148,0.0248,0.0066,0.0013,0.0328,2.0,1.0,0.857,0.388,0.031,0.018,0.039,0.197,0.109,144.8,0.0081,0.001,1.91,0.0,2.0,2.0,4.0,4513,67,1.48,62,1.37,14,0.31,553,12.25,,,4513,54,1.2,20,0.44,51,1.13,85,1.88,,,
2018,47,2018-11-18,2018-11-24,,29.7,156,38,3,197,0.0345,0.0084,0.0007,0.0436,6.0,0.0,1.01,0.361,0.061,0.033,0.083,0.221,0.137,143.4,0.0082,0.0009,1.98,0.0,1.0,1.0,4.0,4522,81,1.79,57,1.26,16,0.35,551,12.18,,,4522,55,1.22,21,0.46,64,1.42,85,1.88,,,
2018,48,2018-11-25,2018-12-01,,29.5,173,47,6,226,0.0377,0.0103,0.0013,0.0493,16.0,2.0,1.714,0.444,0.092,0.06,0.055,0.26,0.185,154.7,0.0083,0.0007,1.87,0.0,1.0,1.0,3.0,4585,61,1.33,57,1.24,15,0.33,607,13.24,,,4585,60,1.31,22,0.48,66,1.44,80,1.74,,,
2018,49,2018-12-02,2018-12-08,,44.0,230,88,7,325,0.0437,0.0167,0.0013,0.0617,12.0,1.0,1.714,0.444,0.031,0.068,0.105,0.252,0.197,162.5,0.0102,0.0009,1.91,2.0,1.0,4.0,2.0,5265,91,1.73,65,1.23,22,0.42,710,13.49,,,5265,76,1.44,27,0.51,91,1.73,113,2.15,,,
2018,50,2018-12-09,2018-12-15,,37.2,272,61,3,336,0.0551,0.0124,0.0006,0.0681,14.0,1.0,2.265,0.638,0.246,0.062,0.127,0.347,0.259,170.8,0.0093,0.0007,1.17,0.0,1.0,1.0,3.0,4934,81,1.64,73,1.48,28,0.57,616,12.48,,,4934,64,1.3,29,0.59,126,2.55,95,1.93,,,
2018,51,2018-12-16,2018-12-22,,43.5,478,107,5,590,0.0843,0.0189,0.0009,0.104,14.0,3.0,3.734,0.527,0.369,0.098,0.199,0.733,0.423,181.3,0.0098,0.0012,0.96,0.0,4.0,4.0,8.0,5673,77,1.36,82,1.45,32,0.56,621,10.95,,,5673,83,1.46,26,0.46,121,2.13,105,1.85,,,
2018,52,2018-12-23,2018-12-29,,40.1,635,154,3,792,0.1146,0.0278,0.0005,0.1429,1.0,7.0,4.438,1.026,0.154,0.158,0.304,0.946,0.557,205.1,,0.0016,1.22,2.0,1.0,3.0,9.0,5541,80,1.44,101,1.82,36,0.65,599,10.81,,,5541,71,1.28,32,0.58,110,1.99,100,1.8,,,
2019,1,2018-12-30,2019-01-05,4.1,42.8,1018,177,5,1200,0.1681,0.0292,0.0008,0.1982,0.0,6.0,6.849,1.203,0.246,0.281,0.531,1.635,0.903,211.6,0.0089,0.0007,2.79,5.0,7.0,15.0,15.0,6055,81,1.34,113,1.87,49,0.81,519,8.57,,,6055,73,1.21,44,0.73,98,1.62,70,1.16,,,
2019,2,2019-01-06,2019-01-12,6.4,47.9,1575,254,15,1844,0.215,0.0347,0.002,0.2517,110.0,11.0,10.43,1.996,0.614,0.41,0.87,2.576,1.416,243.5,0.0109,0.001,2.67,0.0,7.0,15.0,27.0,7326,109,1.49,141,1.92,75,1.02,581,7.93,,,7326,89,1.21,35,0.48,118,1.61,75,1.02,,,
2019,3,2019-01-13,2019-01-19,7.7,54.6,1999,287,22,2308,0.2594,0.0372,0.0029,0.2995,190.0,18.0,11.656,1.832,1.136,0.565,1.04,2.478,1.576,254.0,0.0123,0.0007,3.0,5.0,6.0,19.0,30.0,7707,99,1.28,211,2.74,64,0.83,633,8.21,,,7707,92,1.19,31,0.4,110,1.43,90,1.17,,,
2019,4,2019-01-20,2019-01-26,7.2,61.5,1714,301,8,2023,0.219,0.0385,0.001,0.2585,192.0,17.0,8.137,1.613,0.461,0.422,0.788,2.961,1.347,245.2,0.0121,0.0011,4.07,6.0,9.0,23.0,42.0,7826,98,1.25,212,2.71,94,1.2,702,8.97,,,7826,86,1.1,38,0.49,104,1.33,65,0.83,,,
2019,5,2019-01-27,2019-02-02,5.9,43.3,1158,259,23,1440,0.1632,0.0365,0.0032,0.203,20.0,11.0,4.241,0.984,0.399,0.311,0.558,1.823,0.842,226.9,,0.0008,3.53,5.0,10.0,17.0,38.0,7095,83,1.17,207,2.92,83,1.17,602,8.48,,,7095,70,0.99,29,0.41,83,1.17,64,0.9,,,
2019,6,2019-02-03,2019-02-09,6.8,26.8,793,206,12,1011,0.1306,0.0339,0.002,0.1665,0.0,4.0,3.393,0.793,0.154,0.174,0.509,1.718,0.694,229.3,,0.0014,2.88,0.0,6.0,10.0,41.0,6073,52,0.86,126,2.07,97,1.6,492,8.1,,,6073,62,1.02,18,0.3,81,1.33,48,0.79,,,
2019,7,2019-02-10,2019-02-16,5.1,29.0,773,223,16,1012,0.1213,0.035,0.0025,0.1588,1.0,9.0,4.398,0.82,0.184,0.239,0.399,1.424,0.69,192.6,0.0061,0.0008,2.77,0.0,4.0,11.0,39.0,6374,77,1.21,138,2.17,133,2.09,464,7.28,,,6374,50,0.78,29,0.45,77,1.21,39,0.61,,,
2019,8,2019-02-17,2019-02-23,4.3,38.2,592,245,24,861,0.0948,0.0392,0.0038,0.1379,55.0,9.0,3.613,0.793,0.215,0.224,0.378,1.507,0.659,173.6,0.0068,0.0011,2.52,0.0,3.0,10.0,37.0,6243,75,1.2,188,3.01,142,2.27,433,6.94,,,6243,50,0.8,20,0.32,96,1.54,36,0.58,,,
2019,9,2019-02-24,2019-03-02,4.5,47.6,508,289,25,822,0.0824,0.0469,0.0041,0.1334,67.0,5.0,4.147,0.984,0.246,0.144,0.334,1.386,0.625,177.0,0.0087,0.0011,1.12,0.0,1.0,9.0,25.0,6164,59,0.96,146,2.37,166,2.69,449,7.28,,,6164,59,0.96,17,0.28,80,1.3,39,0.63,,,
2019,10,2019-03-03,2019-03-09,4.1,42.8,473,241,33,747,0.0792,0.0403,0.0055,0.1251,28.0,6.0,3.142,0.93,0.184,0.2,0.263,1.115,0.537,171.9,0.0085,0.0011,2.33,0.0,6.0,10.0,21.0,5973,79,1.32,175,2.93,232,3.88,509,8.52,,,5973,48,0.8,29,0.49,79,1.32,26,0.44,,,
2019,11,2019-03-10,2019-03-16,3.4,39.5,368,304,37,709,0.0617,0.051,0.0062,0.1189,31.0,1.0,3.173,0.957,0.43,0.138,0.285,1.175,0.538,186.6,0.0073,0.0011,2.56,0.0,1.0,4.0,24.0,5964,63,1.06,173,2.9,245,4.11,627,10.51,,,5964,55,0.92,32,0.54,81,1.36,34,0.57,,,
2019,12,2019-03-17,2019-03-23,3.6,40.4,308,240,48,596,0.0476,0.0371,0.0074,0.092,20.0,11.0,2.011,0.82,0.553,0.108,0.235,1.198,0.466,188.8,0.0079,0.0011,2.24,1.0,0.0,5.0,16.0,6475,76,1.17,181,2.8,312,4.82,674,10.41,,,6475,80,1.24,18,0.28,108,1.67,46,0.71,,,
2019,13,2019-03-24,2019-03-30,2.6,36.5,225,221,51,497,0.0368,0.0361,0.0083,0.0812,22.0,6.0,1.571,0.601,0.184,0.108,0.192,0.994,0.374,192.4,0.0087,0.0013,2.49,0.0,1.0,5.0,25.0,6117,70,1.14,157,2.57,315,5.15,694,11.35,,,6117,69,1.13,23,0.38,91,1.49,27,0.44,,,
2019,14,2019-03-31,2019-04-06,2.6,33.5,131,164,49,344,0.0242,0.0303,0.0091,0.0636,9.0,3.0,1.351,0.711,0.154,0.105,0.12,0.512,0.265,187.8,0.0083,0.001,2.11,1.0,1.0,1.0,5.0,5410,75,1.39,154,2.85,290,5.36,660,12.2,,,5410,65,1.2,26,0.48,106,1.96,28,0.52,,,
2019,15,2019-04-07,2019-04-13,2.4,30.1,68,154,78,300,0.011,0.0248,0.0126,0.0483,14.0,2.0,1.162,0.383,0.061,0.069,0.104,0.429,0.203,186.3,0.0072,0.0012,2.1,2.0,2.0,0.0,6.0,6209,83,1.34,123,1.98,358,5.77,666,10.73,,,6209,61,0.98,24,0.39,124,2.0,26,0.42,,,
2019,16,2019-04-14,2019-04-20,2.4,36.6,48,76,65,189,0.0111,0.0176,0.0151,0.0439,10.0,2.0,1.288,0.601,0.031,0.093,0.066,0.332,0.201,181.6,0.008,0.001,1.99,0.0,0.0,0.0,2.0,4306,60,1.39,123,2.86,236,5.48,551,12.8,,,4306,43,1.0,18,0.42,108,2.51,18,0.42,,,
2019,17,2019-04-21,2019-04-27,2.4,29.6,76,175,146,397,0.0116,0.0266,0.0222,0.0603,1.0,2.0,1.728,0.765,0.184,0.147,0.12,0.369,0.278,179.4,0.0108,0.0012,2.2,1.0,0.0,3.0,12.0,6579,81,1.23,159,2.42,366,5.56,684,10.4,,,6579,62,0.94,32,0.49,161,2.45,35,0.53,,,
2019,18,2019-04-28,2019-05-04,2.2,28.0,63,105,157,325,0.0116,0.0193,0.0289,0.0598,10.0,1.0,1.539,0.437,0.276,0.093,0.066,0.226,0.196,177.2,0.0076,0.001,1.09,1.0,0.0,4.0,5.0,5439,77,1.42,119,2.19,261,4.8,502,9.23,,,5439,56,1.03,29,0.53,156,2.87,18,0.33,,,
2019,19,2019-05-05,2019-05-11,2.1,19.0,46,82,141,269,0.0085,0.0151,0.026,0.0495,24.0,0.0,0.943,0.547,0.184,0.039,0.038,0.256,0.147,169.2,0.0083,0.0008,0.98,1.0,1.0,1.0,4.0,5433,74,1.36,95,1.75,277,5.1,531,9.77,,,5433,44,0.81,14,0.26,133,2.45,18,0.33,,,
2019,20,2019-05-12,2019-05-18,2.7,27.9,42,83,233,358,0.0076,0.0151,0.0423,0.065,14.0,1.0,1.288,1.23,0.399,0.069,0.055,0.219,0.214,184.0,0.0094,0.0009,1.59,0.0,0.0,1.0,5.0,5508,97,1.76,91,1.65,232,4.21,520,9.44,,,5508,40,0.73,15,0.27,141,2.56,16,0.29,,,
2019,21,2019-05-19,2019-05-25,3.0,38.9,44,101,244,389,0.0079,0.0181,0.0437,0.0697,35.0,5.0,1.697,0.848,0.491,0.096,0.033,0.256,0.23,179.8,0.0098,0.001,1.95,1.0,0.0,1.0,6.0,5585,79,1.41,106,1.9,239,4.28,559,10.01,,,5585,48,0.86,22,0.39,165,2.95,11,0.2,,,
2019,22,2019-05-26,2019-06-01,3.0,34.6,30,78,224,332,0.0059,0.0154,0.0443,0.0656,41.0,1.0,1.037,0.793,0.307,0.063,0.055,0.279,0.187,177.0,0.0095,0.0008,2.05,1.0,0.0,2.0,10.0,5059,79,1.56,79,1.56,228,4.51,536,10.59,,,5059,39,0.77,13,0.26,149,2.95,16,0.32,,,
2019,23,2019-06-02,2019-06-08,3.4,24.4,30,92,191,313,0.0062,0.0191,0.0396,0.065,17.0,3.0,1.225,1.121,0.461,0.066,0.093,0.264,0.225,178.8,0.0089,0.0011,1.81,0.0,0.0,3.0,5.0,4818,54,1.12,77,1.6,167,3.47,451,9.36,,,4818,34,0.71,16,0.33,140,2.91,18,0.37,,,
2019,24,2019-06-09,2019-06-15,3.1,36.8,71,137,214,422,0.0128,0.0248,0.0387,0.0764,14.0,5.0,1.697,1.012,0.154,0.078,0.066,0.384,0.246,171.7,0.0095,0.0012,1.92,0.0,2.0,1.0,8.0,5527,76,1.38,87,1.57,189,3.42,519,9.39,,,5527,58,1.05,15,0.27,156,2.82,14,0.25,,,
2019,25,2019-06-16,2019-06-22,2.4,33.2,99,123,198,420,0.0183,0.0228,0.0367,0.0778,25.0,7.0,1.822,1.312,0.246,0.093,0.088,0.362,0.278,172.5,0.0089,0.0009,1.8,1.0,1.0,4.0,4.0,5401,85,1.57,86,1.59,152,2.81,468,8.67,,,5401,46,0.85,10,0.19,129,2.39,8,0.15,,,
2019,26,2019-06-23,2019-06-29,2.8,32.4,119,125,173,417,0.0226,0.0238,0.0329,0.0792,20.0,4.0,1.916,0.984,0.338,0.111,0.109,0.286,0.27,165.2,0.0106,0.0011,2.12,0.0,1.0,3.0,4.0,5262,95,1.81,109,2.07,168,3.19,462,8.78,,,5262,33,0.63,21,0.4,110,2.09,12,0.23,,,
2019,27,2019-06-30,2019-07-06,3.0,43.7,150,137,184,471,0.0313,0.0285,0.0383,0.0981,10.0,4.0,2.67,0.93,0.368,0.108,0.093,0.369,0.31,170.2,0.0096,0.0012,2.21,2.0,1.0,3.0,5.0,4800,100,2.08,79,1.65,119,2.48,390,8.13,,,4800,43,0.9,18,0.38,94,1.96,16,0.33,,,
2019,28,2019-07-07,2019-07-13,3.3,46.3,170,133,159,462,0.0338,0.0264,0.0316,0.0918,10.0,5.0,2.136,0.875,0.399,0.06,0.099,0.422,0.276,166.5,0.0078,0.0014,2.0,1.0,2.0,2.0,5.0,5033,141,2.8,125,2.48,112,2.23,397,7.89,,,5033,33,0.66,25,0.5,101,2.01,17,0.34,,,
2019,29,2019-07-14,2019-07-20,2.7,41.7,161,114,135,410,0.0309,0.0219,0.0259,0.0787,4.0,2.0,2.074,0.902,0.184,0.138,0.066,0.482,0.302,162.7,0.0115,0.0011,1.76,2.0,4.0,3.0,8.0,5210,119,2.28,149,2.86,89,1.71,432,8.29,,,5210,10,0.19,33,0.63,83,1.59,23,0.44,,,
2019,30,2019-07-21,2019-07-27,2.9,46.1,123,118,95,336,0.0259,0.0249,0.02,0.0708,0.0,6.0,1.822,0.711,0.092,0.069,0.077,0.46,0.246,153.3,,0.0008,1.85,0.0,1.0,4.0,8.0,4746,105,2.21,130,2.74,89,1.88,322,6.78,,,4746,18,0.38,29,0.61,63,1.33,11,0.23,,,
2019,31,2019-07-28,2019-08-03,1.9,41.0,64,114,62,240,0.0142,0.0253,0.0138,0.0532,1.0,3.0,0.88,0.246,0.154,0.024,0.055,0.286,0.131,144.3,,0.0008,0.99,0.0,2.0,1.0,5.0,4508,113,2.51,140,3.11,56,1.24,287,6.37,,,4508,19,0.42,16,0.35,41,0.91,12,0.27,,,
2019,32,2019-08-04,2019-08-10,2.1,34.4,44,113,50,207,0.0093,0.0239,0.0106,0.0438,0.0,1.0,0.597,0.273,0.123,0.033,0.027,0.264,0.112,140.0,0.0073,0.0008,1.45,0.0,1.0,3.0,5.0,4721,122,2.58,146,3.09,43,0.91,259,5.49,,,4721,5,0.11,17,0.36,54,1.14,12,0.25,,,
2019,33,2019-08-11,2019-08-17,2.0,29.3,46,76,32,154,0.0098,0.0162,0.0068,0.0329,3.0,3.0,0.691,0.164,0.123,0.027,0.016,0.219,0.097,134.4,0.0065,0.0009,0.93,0.0,0.0,0.0,5.0,4686,73,1.56,142,3.03,42,0.9,276,5.89,,,4686,6,0.13,26,0.55,42,0.9,12,0.26,,,
2019,34,2019-08-18,2019-08-24,1.9,34.6,42,66,29,137,0.0094,0.0148,0.0065,0.0307,1.0,1.0,0.628,0.246,0.031,0.042,0.044,0.196,0.104,127.5,,0.0008,1.84,0.0,1.0,1.0,5.0,4462,99,2.22,133,2.98,36,0.81,302,6.77,,,4462,10,0.22,19,0.43,39,0.87,12,0.27,,,
2019,35,2019-08-25,2019-08-31,2.0,37.6,51,61,16,128,0.0117,0.014,0.0037,0.0293,3.0,1.0,0.471,0.109,0.061,0.033,0.027,0.158,0.077,128.7,,0.0011,2.38,0.0,0.0,0.0,5.0,4370,72,1.65,139,3.18,27,0.62,247,5.65,,,4370,9,0.21,26,0.59,44,1.01,15,0.34,,,
2019,36,2019-09-01,2019-09-07,2.0,23.0,55,69,17,141,0.0128,0.0161,0.004,0.0328,3.0,3.0,0.503,0.246,0.031,0.03,0.038,0.173,0.088,134.8,0.0071,0.0009,1.88,0.0,0.0,3.0,6.0,4297,84,1.95,136,3.16,25,0.58,281,6.54,,,4297,13,0.3,10,0.23,24,0.56,10,0.23,,,
2019,37,2019-09-08,2019-09-14,2.5,36.8,47,76,10,133,0.0114,0.0184,0.0024,0.0322,4.0,2.0,0.754,0.246,0.092,0.033,0.016,0.173,0.097,152.2,0.0086,0.0009,1.85,1.0,0.0,1.0,4.0,4127,64,1.55,136,3.3,18,0.44,302,7.32,,,4127,22,0.53,16,0.39,31,0.75,16,0.39,,,
2019,38,2019-09-15,2019-09-21,2.7,37.3,56,80,17,153,0.0105,0.015,0.0032,0.0286,4.0,1.0,0.566,0.191,0.246,0.036,0.038,0.196,0.104,166.6,0.0099,0.0009,1.81,0.0,1.0,1.0,2.0,5345,109,2.04,202,3.78,33,0.62,549,10.27,,,5345,24,0.45,22,0.41,49,0.92,19,0.36,,,
2019,39,2019-09-22,2019-09-28,1.9,35.0,25,49,22,96,0.0051,0.01,0.0045,0.0196,9.0,0.0,0.534,0.273,0.061,0.024,0.022,0.075,0.068,170.2,0.0111,0.0007,1.06,0.0,1.0,0.0,2.0,4904,70,1.43,140,2.85,16,0.33,553,11.28,,,4904,23,0.47,45,0.92,29,0.59,23,0.47,,,
2019,40,2019-09-29,2019-10-05,2.3,34.1,41,42,16,99,0.0085,0.0088,0.0033,0.0206,4.0,1.0,0.314,0.109,0.092,0.009,0.016,0.098,0.048,174.5,0.0124,0.001,0.0,0.0,0.0,0.0,3.0,4798,103,2.15,92,1.92,19,0.4,512,10.67,,,4798,25,0.52,60,1.25,41,0.85,31,0.65,,,
2019,41,2019-10-06,2019-10-12,2.0,34.1,28,27,6,61,0.0065,0.0063,0.0014,0.0141,,,0.157,0.109,0.0,0.018,0.016,0.075,0.037,160.9,0.0088,0.0011,2.01,0.0,1.0,0.0,2.0,4317,77,1.78,62,1.44,7,0.16,454,10.52,,,4317,24,0.56,38,0.88,39,0.9,41,0.95,,,
2019,42,2019-10-13,2019-10-19,1.7,29.4,39,19,4,62,0.0091,0.0044,0.0009,0.0144,4.0,0.0,0.314,0.027,0.031,0.012,0.044,0.053,0.041,154.3,0.0093,0.001,1.85,1.0,0.0,0.0,1.0,4294,73,1.7,72,1.68,12,0.28,367,8.55,,,4294,23,0.54,41,0.95,43,1.0,23,0.54,,,
2019,43,2019-10-20,2019-10-26,2.1,27.2,55,20,9,84,0.0116,0.0042,0.0019,0.0177,8.0,1.0,0.314,0.137,0.031,0.009,0.022,0.045,0.039,155.5,0.0094,0.0008,1.83,0.0,0.0,2.0,1.0,4743,94,1.98,68,1.43,9,0.19,403,8.5,,,4743,33,0.7,53,1.12,40,0.84,38,0.8,,,
2019,44,2019-10-27,2019-11-02,3.1,32.3,42,17,17,76,0.009,0.0036,0.0036,0.0163,5.0,0.0,0.471,0.301,0.0,0.018,0.016,0.068,0.059,160.7,0.0096,0.0009,0.99,0.0,0.0,0.0,3.0,4676,94,2.01,60,1.28,14,0.3,374,8.0,,,4676,45,0.96,42,0.9,45,0.96,44,0.94,,,
2019,45,2019-11-03,2019-11-09,2.3,32.0,51,14,8,73,0.0107,0.0029,0.0017,0.0153,3.0,0.0,0.314,0.191,0.031,0.006,0.011,0.068,0.041,166.0,0.0101,0.0009,2.16,1.0,0.0,0.0,0.0,4784,86,1.8,33,0.69,17,0.36,402,8.4,,,4784,52,1.09,77,1.61,46,0.96,61,1.28,,,
2019,46,2019-11-10,2019-11-16,2.0,21.7,57,18,2,77,0.012,0.0038,0.0004,0.0162,1.0,0.0,0.534,0.137,0.031,0.006,0.027,0.106,0.059,176.5,0.0042,0.0011,2.55,0.0,0.0,2.0,1.0,4740,79,1.67,38,0.8,9,0.19,413,8.71,,,4740,56,1.18,79,1.67,56,1.18,72,1.52,,,
2019,47,2019-11-17,2019-11-23,1.8,22.5,63,9,3,75,0.0132,0.0019,0.0006,0.0157,0.0,1.0,0.157,0.055,0.0,0.018,0.022,0.09,0.039,163.5,,0.0011,1.22,0.0,0.0,2.0,2.0,4781,78,1.63,19,0.4,6,0.13,376,7.86,,,4781,41,0.86,70,1.46,63,1.32,53,1.11,,,
2019,48,2019-11-24,2019-11-30,1.9,27.2,67,9,2,78,0.014,0.0019,0.0004,0.0163,2.0,2.0,0.44,0.109,0.0,0.018,0.006,0.136,0.057,150.1,0.0047,0.0012,1.62,0.0,0.0,0.0,2.0,4794,73,1.52,21,0.44,7,0.15,334,6.97,,,4794,37,0.77,74,1.54,43,0.9,48,1.0,,,
2019,49,2019-12-01,2019-12-07,2.4,16.2,83,27,3,113,0.0173,0.0056,0.0006,0.0235,4.0,1.0,0.723,0.273,0.092,0.012,0.016,0.196,0.092,166.2,0.0073,0.001,2.22,0.0,1.0,2.0,1.0,4799,63,1.31,22,0.46,4,0.08,394,8.21,,,4799,44,0.92,60,1.25,41,0.85,44,0.92,,,
2019,50,2019-12-08,2019-12-14,2.5,26.4,102,65,15,182,0.0178,0.0114,0.0026,0.0318,6.0,0.0,1.037,0.383,0.092,0.036,0.022,0.211,0.125,175.2,0.0083,0.0013,2.04,0.0,1.0,0.0,2.0,5725,70,1.22,18,0.31,10,0.17,405,7.07,,,5725,68,1.19,61,1.07,51,0.89,63,1.1,,,
2019,51,2019-12-15,2019-12-21,2.6,28.0,160,99,17,276,0.0268,0.0166,0.0028,0.0462,9.0,3.0,1.477,0.547,0.123,0.066,0.104,0.316,0.205,180.8,0.008,0.0008,2.14,1.0,0.0,0.0,7.0,5974,45,0.75,19,0.32,4,0.07,453,7.58,,,5974,60,1.0,81,1.36,47,0.79,90,1.51,,,
2019,52,2019-12-22,2019-12-28,3.2,29.1,231,102,13,346,0.043,0.019,0.0024,0.0645,0.0,1.0,2.042,0.765,0.246,0.075,0.104,0.392,0.262,203.1,,0.0009,2.32,0.0,1.0,4.0,5.0,5366,56,1.04,20,0.37,4,0.07,412,7.68,,,5366,82,1.53,58,1.08,51,0.95,74,1.38,,,
2020,1,2019-12-29,2020-01-04,4.1,28.7,389,184,18,591,0.0681,0.0322,0.0032,0.1035,0.0,3.0,3.365,0.679,0.505,0.165,0.246,0.861,0.483,200.4,,0.001,1.75,2.0,0.0,2.0,10.0,,5711,43.0,,47.0,,13.0,,337.0,,,,5711,70.0,,61.0,,51.0,,62.0,,,
2020,2,2020-01-05,2020-01-11,6.1,39.0,871,307,33,1211,0.1264,0.0445,0.0048,0.1757,31.0,8.0,5.477,1.189,0.594,0.277,0.433,1.636,0.834,233.3,0.0073,0.0015,2.63,0.0,2.0,5.0,12.0,,6893,96.0,,68.0,,27.0,,431.0,,,,6893,94.0,,72.0,,70.0,,72.0,,,
2020,3,2020-01-12,2020-01-18,5.7,34.8,928,189,42,1159,0.1463,0.0298,0.0066,0.1827,51.0,15.0,3.959,1.047,0.357,0.317,0.57,1.839,0.844,215.7,0.007,0.0009,1.85,2.0,9.0,13.0,22.0,,6342,103.0,,77.0,,20.0,,495.0,,,,6342,120.0,,65.0,,71.0,,100.0,,,
2020,4,2020-01-19,2020-01-25,6.7,15.5,984,150,47,1181,0.1563,0.0238,0.0075,0.1876,25.0,13.0,3.893,0.991,0.505,0.466,0.63,1.86,0.929,275.2,0.0084,0.001,1.56,0.0,4.0,4.0,33.0,,6294,96.0,,85.0,,47.0,,476.0,,,,6294,107.0,,55.0,,88.0,,92.0,,,
2020,5,2020-01-26,2020-02-01,4.5,20.5,846,116,41,1003,0.1196,0.0164,0.0058,0.1417,0.0,6.0,1.617,0.481,0.267,0.344,0.433,1.26,0.59,323.7,,0.0008,1.77,2.0,4.0,12.0,27.0,,7076,77.0,,120.0,,42.0,,463.0,,,,7076,127.0,,55.0,,72.0,,81.0,,,
2020,6,2020-02-02,2020-02-08,2.1,29.1,266,33,21,320,0.0471,0.0058,0.0037,0.0566,0.0,4.0,0.726,0.17,0.119,0.134,0.181,0.543,0.246,299.0,,0.0009,4.57,1.0,1.0,3.0,18.0,,5650,74.0,,70.0,,28.0,,241.0,,,,5650,74.0,,57.0,,45.0,,69.0,,,
2020,7,2020-02-09,2020-02-15,1.9,30.2,75,12,6,93,0.0151,0.0024,0.0012,0.0187,0.0,2.0,0.099,0.028,0.0,0.037,0.027,0.21,0.067,249.1,,0.0009,4.15,0.0,1.0,1.0,15.0,,4965,57.0,,35.0,,16.0,,127.0,,,,4965,51.0,,35.0,,41.0,,42.0,,,
2020,8,2020-02-16,2020-02-22,1.2,26.6,15,5,3,23,0.0026,0.0009,0.0005,0.0041,,,0.0,0.0,0.03,0.006,0.016,0.022,0.012,207.0,,0.0007,3.71,0.0,0.0,1.0,4.0,,299,12.0,,12.0,,3.0,,39.0,,,,299,8.0,,4.0,,7.0,,11.0,,,
2020,9,2020-02-23,2020-02-29,1.7,27.5,11,3,4,18,0.0022,0.0006,0.0008,0.0036,,,0.0,0.0,0.0,0.018,0.022,0.051,0.023,200.4,,0.001,3.05,0.0,0.0,0.0,5.0,,318,13.0,,3.0,,3.0,,26.0,,,,318,10.0,,10.0,,5.0,,7.0,,,
2020,10,2020-03-01,2020-03-07,1.1,24.1,6,0,1,7,0.0014,0.0,0.0002,0.0017,,,0.033,0.0,0.0,0.003,0.0,0.022,0.007,158.1,,0.0011,2.57,0.0,0.0,0.0,1.0,,279,11.0,,5.0,,1.0,,20.0,,,,279,3.0,,4.0,,3.0,,3.0,,,
2020,11,2020-03-08,2020-03-14,1.3,30.2,3,5,9,17,0.0007,0.0011,0.002,0.0038,,,0.033,0.057,0.0,0.027,0.0,0.007,0.017,156.3,,0.001,2.13,0.0,0.0,0.0,5.0,,321,16.0,,4.0,,3.0,,27.0,,,,321,4.0,,6.0,,8.0,,6.0,,,
2020,12,2020-03-15,2020-03-21,1.6,20.5,5,5,15,25,0.0009,0.0009,0.0027,0.0045,,,0.066,0.028,0.059,0.037,0.0,0.007,0.024,197.2,,0.0007,2.18,0.0,0.0,0.0,1.0,,424,18.0,,6.0,,4.0,,55.0,,,,424,6.0,,4.0,,4.0,,9.0,,,
2020,13,2020-03-22,2020-03-28,1.2,19.3,2,1,4,7,0.0005,0.0002,0.0009,0.0016,,,0.033,0.0,0.03,0.012,0.006,0.015,0.012,230.3,,0.0011,1.81,0.0,0.0,0.0,1.0,,359,14.0,,7.0,,2.0,,32.0,,,,359,0.0,,6.0,,9.0,,7.0,,,
2020,14,2020-03-29,2020-04-04,1.3,12.1,2,0,2,4,0.0009,0.0,0.0009,0.0017,,,0.033,0.028,0.0,0.006,0.0,0.007,0.007,194.9,,0.0011,2.04,0.0,0.0,0.0,0.0,,243,9.0,,2.0,,0.0,,10.0,,,,243,1.0,,0.0,,2.0,,3.0,,,
2020,15,2020-04-05,2020-04-11,0.9,14.4,0,0,1,1,0.0,0.0,0.0005,0.0005,,,0.0,0.0,0.03,0.0,0.0,0.0,0.001,170.4,,0.0006,0.71,0.0,0.0,0.0,0.0,,227,8.0,,2.0,,0.0,,14.0,,,,227,0.0,,3.0,,6.0,,4.0,,,
2020,16,2020-04-12,2020-04-18,1.0,9.1,0,0,0,0,0.0,0.0,0.0,0.0,,,0.0,0.0,0.0,0.0,0.006,0.0,0.001,142.3,,0.0009,1.81,0.0,0.0,0.0,0.0,,236,10.0,,1.0,,1.0,,7.0,,,,236,0.0,,4.0,,4.0,,3.0,,,
2020,17,2020-04-19,2020-04-25,0.6,20.6,0,0,0,0,0.0,0.0,0.0,0.0,,,0.0,0.0,0.0,0.003,0.0,0.007,0.003,125.4,,0.001,1.78,0.0,0.0,0.0,0.0,,243,6.0,,4.0,,1.0,,7.0,,,,243,0.0,,1.0,,4.0,,4.0,,,
2020,18,2020-04-26,2020-05-02,0.6,16.2,0,0,0,0,0.0,0.0,0.0,0.0,,,0.0,0.0,0.0,0.0,0.0,0.0,0.0,111.3,,0.0008,1.67,0.0,0.0,0.0,0.0,,278,7.0,,0.0,,0.0,,8.0,,,,278,0.0,,2.0,,3.0,,2.0,,,
2020,19,2020-05-03,2020-05-09,0.6,15.8,0,0,0,0,0.0,0.0,0.0,0.0,,,0.0,0.0,0.0,0.0,0.0,0.0,0.0,94.7,,0.0011,1.36,0.0,0.0,0.0,0.0,,241,9.0,,0.0,,0.0,,2.0,,,,241,4.0,,1.0,,1.0,,1.0,,,
2020,20,2020-05-10,2020-05-16,0.7,17.1,0,0,0,0,0.0,0.0,0.0,0.0,,,0.0,0.0,0.0,0.0,0.0,0.0,0.0,95.5,,0.0011,1.59,0.0,0.0,0.0,0.0,,316,6.0,,1.0,,0.0,,5.0,,,,316,1.0,,1.0,,1.0,,4.0,,,
2020,21,2020-05-17,2020-05-23,0.6,13.1,0,0,0,0,0.0,0.0,0.0,0.0,,,0.0,0.0,0.0,0.003,0.0,0.0,0.001,96.5,,0.0009,1.46,0.0,0.0,0.0,0.0,,319,11.0,,0.0,,0.0,,10.0,,,,319,1.0,,2.0,,6.0,,3.0,,,
2020,22,2020-05-24,2020-05-30,0.6,17.0,0,1,0,1,0.0,0.0005,0.0,0.0005,,,0.0,0.0,0.0,0.0,0.0,0.007,0.001,82.8,,0.0007,1.28,0.0,0.0,0.0,0.0,,292,4.0,,1.0,,0.0,,5.0,,,,292,2.0,,1.0,,0.0,,4.0,,,
2020,23,2020-05-31,2020-06-06,0.9,15.4,0,0,0,0,0.0,0.0,0.0,0.0,,,0.0,0.0,0.0,0.0,0.0,0.015,0.003,98.5,,0.001,1.46,0.0,0.0,0.0,0.0,,345,6.0,,1.0,,0.0,,8.0,,,,345,1.0,,3.0,,3.0,,1.0,,,
2020,24,2020-06-07,2020-06-13,0.9,13.6,0,0,0,0,0.0,0.0,0.0,0.0,,,0.0,0.0,0.0,0.0,0.0,0.0,0.0,98.5,,0.0008,1.4,0.0,0.0,0.0,0.0,,341,7.0,,0.0,,0.0,,10.0,,,,341,2.0,,1.0,,1.0,,3.0,,,
2020,25,2020-06-14,2020-06-20,0.7,17.3,0,0,0,0,0.0,0.0,0.0,0.0,,,0.0,0.0,0.0,0.0,0.006,0.0,0.001,93.3,,0.0008,1.32,0.0,0.0,0.0,1.0,,341,7.0,,0.0,,0.0,,15.0,,,,341,1.0,,3.0,,4.0,,5.0,,,
2020,26,2020-06-21,2020-06-27,0.6,17.8,0,0,0,0,0.0,0.0,0.0,0.0,,,0.0,0.0,0.0,0.0,0.0,0.0,0.0,90.2,,0.0009,1.22,0.0,0.0,0.0,0.0,,342,8.0,,0.0,,0.0,,9.0,,,,342,2.0,,1.0,,4.0,,3.0,,,
2020,27,2020-06-28,2020-07-04,0.6,18.2,0,0,0,0,0.0,0.0,0.0,0.0,,,0.0,0.0,0.0,0.0,0.0,0.0,0.0,82.9,,0.0007,0.97,0.0,0.0,0.0,0.0,,323,7.0,,1.0,,0.0,,14.0,,,,323,0.0,,1.0,,1.0,,4.0,,,
2020,28,2020-07-05,2020-07-11,0.6,20.0,0,0,0,0,0.0,0.0,0.0,0.0,,,0.0,0.0,0.0,0.0,0.006,0.0,0.001,128.4,,0.001,1.47,0.0,0.0,0.0,0.0,,380,10.0,,1.0,,0.0,,17.0,,,,380,1.0,,2.0,,4.0,,3.0,,,
2020,29,2020-07-12,2020-07-18,1.0,19.6,0,0,0,0,0.0,0.0,0.0,0.0,,,0.0,0.0,0.0,0.0,0.0,0.0,0.0,202.1,,0.0014,1.42,0.0,0.0,0.0,0.0,,369,4.0,,0.0,,0.0,,13.0,,,,369,1.0,,2.0,,2.0,,3.0,,,
2020,30,2020-07-19,2020-07-25,1.0,21.3,0,0,0,0,0.0,0.0,0.0,0.0,,,0.0,0.0,0.0,0.0,0.0,0.0,0.0,242.0,,0.0011,1.66,0.0,0.0,0.0,0.0,,309,3.0,,1.0,,0.0,,6.0,,,,309,1.0,,1.0,,0.0,,1.0,,,
2020,31,2020-07-26,2020-08-01,0.8,16.4,0,0,0,0,0.0,0.0,0.0,0.0,,,0.0,0.0,0.0,0.0,0.0,0.0,0.0,209.9,,0.001,1.78,0.0,0.0,0.0,0.0,,297,4.0,,1.0,,0.0,,3.0,,,,297,1.0,,0.0,,1.0,,1.0,,,
2020,32,2020-08-02,2020-08-08,0.6,16.1,0,0,0,0,0.0,0.0,0.0,0.0,,,0.0,0.0,0.0,0.0,0.0,0.0,0.0,172.4,,0.0011,1.5,0.0,0.0,0.0,0.0,,259,3.0,,0.0,,0.0,,4.0,,,,259,2.0,,2.0,,1.0,,0.0,,,
2020,33,2020-08-09,2020-08-15,0.7,15.3,0,0,0,0,0.0,0.0,0.0,0.0,,,0.0,0.0,0.0,0.0,0.0,0.0,0.0,149.1,,0.001,1.64,0.0,0.0,0.0,0.0,,269,6.0,,1.0,,0.0,,6.0,,,,269,0.0,,0.0,,1.0,,0.0,,,
2020,34,2020-08-16,2020-08-22,0.4,17.0,0,0,0,0,0.0,0.0,0.0,0.0,,,0.0,0.0,0.0,0.0,0.0,0.0,0.0,130.7,,0.001,2.06,0.0,0.0,0.0,0.0,,269,6.0,,1.0,,0.0,,6.0,,,,269,3.0,,1.0,,5.0,,3.0,,,
2020,35,2020-08-23,2020-08-29,0.6,22.7,0,0,0,0,0.0,0.0,0.0,0.0,,,0.0,0.0,0.0,0.0,0.0,0.0,0.0,117.6,,0.001,1.76,0.0,0.0,0.0,0.0,,294,4.0,,5.0,,0.0,,3.0,,,,294,1.0,,1.0,,3.0,,3.0,,,
2020,36,2020-08-30,2020-09-05,0.7,17.2,0,0,0,0,0.0,0.0,0.0,0.0,,,0.0,0.0,0.0,0.0,0.0,0.0,0.0,112.2,,0.001,1.79,0.0,0.0,0.0,0.0,,258,4.0,,1.0,,0.0,,8.0,,,,258,0.0,,0.0,,0.0,,2.0,,,
2020,37,2020-09-06,2020-09-12,0.3,14.5,0,0,0,0,0.0,0.0,0.0,0.0,,,0.0,0.0,0.0,0.0,0.0,0.0,0.0,104.9,,0.0008,1.6,0.0,0.0,0.0,0.0,,295,2.0,,3.0,,0.0,,7.0,,,,295,0.0,,2.0,,2.0,,1.0,,,
2020,38,2020-09-13,2020-09-19,0.5,17.0,0,0,0,0,0.0,0.0,0.0,0.0,,,0.0,0.0,0.0,0.0,0.0,0.007,0.001,97.9,,0.0008,1.49,0.0,0.0,0.0,0.0,,327,4.0,,6.0,,0.0,,15.0,,,,327,0.0,,0.0,,1.0,,1.0,,,
2020,39,2020-09-20,2020-09-26,0.7,14.7,0,0,0,0,0.0,0.0,0.0,0.0,,,0.0,0.0,0.0,0.0,0.0,0.0,0.0,99.6,,0.001,0.71,0.0,0.0,0.0,0.0,,351,8.0,,6.0,,0.0,,18.0,,,,351,0.0,,2.0,,4.0,,3.0,,,
2020,40,2020-09-27,2020-10-03,0.5,15.6,0,0,1,1,0.0,0.0,0.0007,0.0007,0.0,1.0,0.0,0.0,0.0,0.003,0.0,0.0,0.001,98.7,0.0005,0.0009,1.28,0.0,0.0,0.0,0.0,,340,5.0,,4.0,,1.0,,8.0,,,,340,1.0,,1.0,,4.0,,3.0,,,
2020,41,2020-10-04,2020-10-10,0.7,9.7,0,0,0,0,0.0,0.0,0.0,0.0,,,0.0,0.0,0.0,0.0,0.0,0.0,0.0,105.8,0.0013,0.0009,1.47,0.0,0.0,0.0,0.0,,363,6.0,,4.0,,0.0,,10.0,,,,363,3.0,,1.0,,2.0,,1.0,,,
2020,42,2020-10-11,2020-10-17,0.4,14.1,0,1,0,1,0.0,0.0007,0.0,0.0007,,,0.033,0.0,0.0,0.0,0.0,0.0,0.001,102.4,0.0016,0.001,0.9,0.0,0.0,0.0,0.0,,338,9.0,,6.0,,0.0,,19.0,,,,338,3.0,,0.0,,2.0,,4.0,,,
2020,43,2020-10-18,2020-10-24,0.5,13.1,0,1,2,3,0.0,0.0006,0.0012,0.0018,,,0.0,0.0,0.0,0.006,0.0,0.0,0.003,105.7,0.001,0.0007,0.38,0.0,0.0,0.0,0.0,,406,6.0,,5.0,,0.0,,45.0,,,,406,3.0,,1.0,,1.0,,3.0,,,
2020,44,2020-10-25,2020-10-31,0.9,17.2,1,1,1,3,0.0006,0.0006,0.0006,0.0019,1.0,0.0,0.0,0.0,0.0,0.0,0.0,0.0,0.0,106.6,0.0007,0.0012,1.09,0.0,0.0,0.0,0.0,,426,10.0,,0.0,,0.0,,89.0,,,,426,4.0,,1.0,,4.0,,3.0,,,
2020,45,2020-11-01,2020-11-07,0.8,16.1,0,1,2,3,0.0,0.0006,0.0013,0.0019,,,0.0,0.057,0.0,0.0,0.0,0.0,0.003,129.4,0.003,0.0009,0.35,0.0,0.0,0.0,0.0,,469,10.0,,2.0,,0.0,,147.0,,,,469,2.0,,3.0,,4.0,,4.0,,,
2020,46,2020-11-08,2020-11-14,1.3,29.4,0,1,0,1,0.0,0.0006,0.0,0.0006,1.0,0.0,0.0,0.0,0.0,0.0,0.0,0.0,0.0,167.0,0.0048,0.0011,1.28,0.0,0.0,0.0,0.0,,548,8.0,,1.0,,0.0,,258.0,,,,548,1.0,,0.0,,3.0,,2.0,,,
2020,47,2020-11-15,2020-11-21,1.1,34.6,0,0,0,0,0.0,0.0,0.0,0.0,,,0.0,0.0,0.0,0.0,0.0,0.0,0.0,167.7,,0.0011,1.19,0.0,0.0,0.0,0.0,,523,3.0,,2.0,,0.0,,260.0,,,,523,0.0,,0.0,,0.0,,2.0,,,
2020,48,2020-11-22,2020-11-28,1.1,22.3,0,0,2,2,0.0,0.0,0.001,0.001,,,0.033,0.0,0.0,0.0,0.0,0.0,0.001,144.7,,0.0009,1.13,0.0,0.0,0.0,0.0,,481,8.0,,0.0,,0.0,,178.0,,,,481,1.0,,4.0,,3.0,,3.0,,,
2020,49,2020-11-29,2020-12-05,0.8,21.6,5,6,6,17,0.0019,0.0023,0.0023,0.0064,,,0.033,0.0,0.0,0.0,0.0,0.0,0.001,129.5,,0.0009,0.51,0.0,1.0,0.0,0.0,,392,5.0,,0.0,,1.0,,78.0,,,,392,0.0,,1.0,,1.0,,3.0,,,
2020,50,2020-12-06,2020-12-12,0.6,20.5,3,3,3,9,0.0014,0.0014,0.0014,0.0041,,,0.0,0.0,0.0,0.0,0.0,0.0,0.0,127.4,,0.0007,0.98,0.0,0.0,0.0,0.0,,332,0.0,,1.0,,1.0,,57.0,,,,332,0.0,,0.0,,0.0,,0.0,,,
2020,51,2020-12-13,2020-12-19,0.6,22.0,1,2,3,6,0.0005,0.001,0.0014,0.0029,,,0.0,0.0,0.0,0.0,0.0,0.0,0.0,128.9,,0.0009,0.42,0.0,0.0,0.0,0.0,,305,3.0,,0.0,,0.0,,29.0,,,,305,0.0,,0.0,,0.0,,0.0,,,
2020,52,2020-12-20,2020-12-26,0.4,20.3,2,2,3,7,0.0004,0.0004,0.0005,0.0012,,,0.0,0.0,0.0,0.0,0.0,0.0,0.0,127.4,,0.001,0.8,0.0,0.0,0.0,0.0,,336,6.0,,0.0,,0.0,,13.0,,,,336,0.0,,0.0,,1.0,,0.0,,,
2021,1,2020-12-27,2021-01-02,0.7,19.8,0,3,3,6,0.0,0.0005,0.0005,0.0009,,,0.036,0.0,0.0,0.0,0.0,0.0,0.001,108.6,,0.0008,1.12,0.0,0.0,0.0,0.0,,368,11.0,,1.0,,0.0,,26.0,,,,368,0.0,,0.0,,2.0,,0.0,,,
2021,2,2021-01-03,2021-01-09,0.5,19.8,1,1,1,3,0.0002,0.0002,0.0002,0.0005,,,0.0,0.0,0.0,0.0,0.0,0.0,0.0,98.4,,0.0006,1.07,0.0,0.0,0.0,0.0,,313,8.0,,1.0,,0.0,,10.0,,,,313,0.0,,1.0,,1.0,,1.0,,,
2021,3,2021-01-10,2021-01-16,0.4,19.0,0,0,0,0,0.0,0.0,0.0,0.0,,,0.0,0.0,0.0,0.0,0.0,0.0,0.0,97.6,,0.001,1.07,0.0,0.0,0.0,0.0,,347,5.0,,0.0,,0.0,,12.0,,,,347,0.0,,0.0,,1.0,,0.0,,,
2021,4,2021-01-17,2021-01-23,0.5,23.3,1,1,1,3,0.0001,0.0001,0.0001,0.0004,,,0.0,0.0,0.0,0.0,0.0,0.0,0.0,100.1,,0.001,0.97,0.0,0.0,0.0,0.0,,407,6.0,,0.0,,0.0,,13.0,,,,407,0.0,,0.0,,2.0,,2.0,,,
2021,5,2021-01-24,2021-01-30,0.5,13.2,1,1,3,5,0.0002,0.0002,0.0005,0.0008,,,0.0,0.0,0.0,0.0,0.006,0.007,0.003,99.9,,0.0008,1.15,0.0,0.0,0.0,0.0,,424,10.0,,0.0,,2.0,,15.0,,,,424,1.0,,0.0,,1.0,,2.0,,,
2021,6,2021-01-31,2021-02-06,0.5,16.5,0,0,1,1,0.0,0.0,0.0002,0.0002,,,0.0,0.0,0.0,0.0,0.0,0.0,0.0,97.3,,0.0011,0.3,0.0,0.0,0.0,0.0,,349,7.0,,0.0,,2.0,,11.0,,,,349,1.0,,0.0,,1.0,,0.0,,,
2021,7,2021-02-07,2021-02-13,0.7,11.4,0,0,0,0,0.0,0.0,0.0,0.0,,,0.0,0.0,0.0,0.0,0.0,0.0,0.0,96.6,,0.0007,0.19,0.0,0.0,0.0,0.0,,380,10.0,,1.0,,3.0,,17.0,,,,380,0.0,,0.0,,1.0,,0.0,,,
2021,8,2021-02-14,2021-02-20,0.6,11.1,0,0,0,0,0.0,0.0,0.0,0.0,,,0.0,0.0,0.0,0.0,0.0,0.0,0.0,92.7,,0.0011,0.65,0.0,0.0,0.0,0.0,,430,10.0,,2.0,,0.0,,23.0,,,,430,1.0,,0.0,,2.0,,1.0,,,
2021,9,2021-02-21,2021-02-27,0.6,6.2,0,0,1,1,0.0,0.0,0.0002,0.0002,,,0.0,0.0,0.0,0.0,0.0,0.0,0.0,96.0,,0.0007,1.2,0.0,0.0,0.0,0.0,,423,5.0,,0.0,,1.0,,16.0,,,,423,0.0,,0.0,,0.0,,0.0,,,
2021,10,2021-02-28,2021-03-06,0.6,15.5,0,1,0,1,0.0,0.0002,0.0,0.0002,,,0.0,0.0,0.0,0.0,0.0,0.0,0.0,88.7,,0.0008,1.17,0.0,0.0,0.0,0.0,,403,5.0,,0.0,,0.0,,17.0,,,,403,0.0,,1.0,,0.0,,1.0,,,
2021,11,2021-03-07,2021-03-13,0.5,5.6,0,0,0,0,0.0,0.0,0.0,0.0,,,0.0,0.0,0.0,0.0,0.0,0.0,0.0,89.8,,0.0009,1.25,0.0,0.0,0.0,0.0,,429,7.0,,1.0,,0.0,,27.0,,,,429,0.0,,0.0,,1.0,,2.0,,,
2021,12,2021-03-14,2021-03-20,0.5,6.2,0,0,1,1,0.0,0.0,0.0002,0.0002,,,0.0,0.0,0.0,0.0,0.0,0.0,0.0,96.1,0.0006,0.0009,0.48,0.0,0.0,0.0,0.0,,435,8.0,,0.0,,0.0,,44.0,,,,435,0.0,,1.0,,0.0,,1.0,,,
2021,13,2021-03-21,2021-03-27,0.4,14.3,0,0,2,2,0.0,0.0,0.0003,0.0003,1.0,0.0,0.0,0.0,0.0,0.0,0.006,0.0,0.001,89.4,0.0008,0.0009,1.13,0.0,0.0,0.0,0.0,,417,8.0,,0.0,,0.0,,44.0,,,,417,1.0,,1.0,,1.0,,1.0,,,
2021,14,2021-03-28,2021-04-03,0.4,11.0,0,0,0,0,0.0,0.0,0.0,0.0,,,0.0,0.0,0.0,0.0,0.0,0.0,0.0,96.0,0.0007,0.001,0.43,0.0,0.0,0.0,0.0,,506,9.0,,0.0,,0.0,,75.0,,,,506,2.0,,1.0,,0.0,,0.0,,,
2021,15,2021-04-04,2021-04-10,0.3,8.5,0,0,0,0,0.0,0.0,0.0,0.0,,,0.0,0.0,0.0,0.0,0.0,0.0,0.0,83.7,0.0011,0.0009,1.15,0.0,0.0,0.0,0.0,,459,4.0,,1.0,,1.0,,55.0,,,,459,0.0,,0.0,,0.0,,2.0,,,
2021,16,2021-04-11,2021-04-17,0.5,10.9,0,1,0,1,0.0,0.0002,0.0,0.0002,0.0,1.0,0.0,0.0,0.0,0.0,0.0,0.0,0.0,93.0,0.0007,0.0008,1.1,0.0,0.0,0.0,0.0,,489,11.0,,0.0,,3.0,,50.0,,,,489,1.0,,1.0,,0.0,,1.0,,,
2021,17,2021-04-18,2021-04-24,0.7,8.6,0,0,1,1,0.0,0.0,0.0003,0.0003,1.0,0.0,0.0,0.0,0.0,0.003,0.0,0.0,0.001,98.0,0.0009,0.001,1.05,0.0,0.0,0.0,0.0,,401,5.0,,1.0,,2.0,,65.0,,,,401,1.0,,1.0,,1.0,,2.0,,,
2021,18,2021-04-25,2021-05-01,0.5,10.7,0,0,0,0,0.0,0.0,0.0,0.0,3.0,0.0,0.0,0.0,0.0,0.0,0.0,0.0,0.0,96.1,0.0013,0.0009,1.21,0.0,0.0,0.0,0.0,,300,7.0,,1.0,,1.0,,70.0,,,,300,1.0,,0.0,,0.0,,2.0,,,
2021,19,2021-05-02,2021-05-08,0.3,14.4,0,0,0,0,0.0,0.0,0.0,0.0,5.0,0.0,0.0,0.0,0.0,0.0,0.0,0.0,0.0,103.5,0.0018,0.001,1.08,0.0,0.0,0.0,0.0,,279,2.0,,0.0,,0.0,,70.0,,,,279,1.0,,0.0,,1.0,,1.0,,,
2021,20,2021-05-09,2021-05-15,0.6,20.3,0,0,0,0,0.0,0.0,0.0,0.0,4.0,0.0,0.0,0.0,0.0,0.0,0.0,0.007,0.001,102.8,0.0018,0.0008,1.11,0.0,0.0,0.0,0.0,,257,3.0,,0.0,,0.0,,66.0,,,,257,0.0,,0.0,,1.0,,0.0,,,
2021,21,2021-05-16,2021-05-22,0.7,10.8,0,0,0,0,0.0,0.0,0.0,0.0,2.0,0.0,0.0,0.0,0.0,0.0,0.0,0.0,0.0,102.9,0.0023,0.0012,1.03,0.0,0.0,0.0,0.0,,174,4.0,,0.0,,0.0,,52.0,,,,174,0.0,,0.0,,0.0,,0.0,,,
2021,22,2021-05-23,2021-05-29,0.7,11.4,0,0,0,0,0.0,0.0,0.0,0.0,,,0.0,0.0,0.0,0.0,0.0,0.007,0.001,92.8,0.0013,0.001,1.22,0.0,0.0,0.0,0.0,,154,1.0,,1.0,,0.0,,34.0,,,,154,0.0,,0.0,,1.0,,0.0,,,
2021,23,2021-05-30,2021-06-05,0.4,11.3,0,0,0,0,0.0,0.0,0.0,0.0,,,0.0,0.0,0.0,0.0,0.0,0.0,0.0,92.1,0.0016,0.0007,1.05,0.0,0.0,0.0,0.0,,152,4.0,,0.0,,1.0,,31.0,,,,152,0.0,,0.0,,1.0,,0.0,,,
2021,24,2021-06-06,2021-06-12,0.6,6.9,0,0,0,0,0.0,0.0,0.0,0.0,,,0.0,0.0,0.0,0.0,0.0,0.0,0.0,92.2,0.0018,0.001,1.33,0.0,0.0,0.0,0.0,,135,2.0,,1.0,,0.0,,24.0,,,,135,0.0,,0.0,,0.0,,0.0,,,
2021,25,2021-06-13,2021-06-19,0.7,8.6,0,0,0,0,0.0,0.0,0.0,0.0,,,0.0,0.0,0.0,0.0,0.0,0.0,0.0,92.7,0.0013,0.001,1.11,0.0,0.0,0.0,0.0,,131,3.0,,2.0,,0.0,,39.0,,,,131,0.0,,0.0,,0.0,,1.0,,,
2021,26,2021-06-20,2021-06-26,0.5,7.3,0,0,0,0,0.0,0.0,0.0,0.0,,,0.0,0.0,0.0,0.0,0.0,0.0,0.0,88.4,0.0011,0.0009,1.21,0.0,0.0,0.0,0.0,,142,3.0,,1.0,,0.0,,31.0,,,,142,0.0,,0.0,,0.0,,0.0,,,
2021,27,2021-06-27,2021-07-03,0.3,11.1,0,0,0,0,0.0,0.0,0.0,0.0,,,0.0,0.0,0.0,0.0,0.0,0.0,0.0,91.8,0.0008,0.0009,1.11,0.0,0.0,0.0,0.0,,146,7.0,,0.0,,0.0,,28.0,,,,146,0.0,,0.0,,0.0,,0.0,,,
2021,28,2021-07-04,2021-07-10,0.3,10.5,0,0,0,0,0.0,0.0,0.0,0.0,,,0.0,0.0,0.0,0.0,0.0,0.007,0.001,85.6,0.0009,0.0008,0.72,0.0,0.0,0.0,0.0,,153,8.0,,1.0,,0.0,,25.0,,,,153,0.0,,0.0,,0.0,,0.0,,,
2021,29,2021-07-11,2021-07-17,0.5,10.8,0,0,0,0,0.0,0.0,0.0,0.0,,,0.0,0.0,0.0,0.0,0.0,0.0,0.0,87.5,0.0012,0.0009,0.84,0.0,0.0,0.0,0.0,,136,3.0,,0.0,,0.0,,33.0,,,,136,0.0,,0.0,,0.0,,0.0,,,
2021,30,2021-07-18,2021-07-24,0.5,10.1,0,0,1,1,0.0,0.0,0.0008,0.0008,,,0.036,0.028,0.0,0.0,0.0,0.0,0.003,80.9,0.0005,0.0004,0.96,0.0,0.0,0.0,0.0,,155,2.0,,1.0,,0.0,,24.0,,,,155,0.0,,0.0,,0.0,,0.0,,,
2021,31,2021-07-25,2021-07-31,0.5,6.4,0,0,0,0,0.0,0.0,0.0,0.0,,,0.0,0.0,0.0,0.0,0.0,0.0,0.0,82.3,,0.0006,0.85,0.0,0.0,0.0,0.0,,160,4.0,,1.0,,0.0,,27.0,,,,160,0.0,,0.0,,0.0,,0.0,,,
2021,32,2021-08-01,2021-08-07,0.6,9.2,0,0,0,0,0.0,0.0,0.0,0.0,,,0.0,0.0,0.0,0.0,0.0,0.0,0.0,82.2,,0.0006,0.96,0.0,0.0,0.0,0.0,,135,3.0,,2.0,,0.0,,11.0,,,,135,0.0,,0.0,,0.0,,0.0,,,
2021,33,2021-08-08,2021-08-14,0.4,6.7,0,0,0,0,0.0,0.0,0.0,0.0,,,0.0,0.0,0.0,0.0,0.0,0.0,0.0,77.1,0.0008,0.0007,0.91,0.0,0.0,0.0,0.0,,154,5.0,,2.0,,0.0,,12.0,,,,154,0.0,,0.0,,0.0,,0.0,,,
2021,34,2021-08-15,2021-08-21,0.8,6.9,0,0,0,0,0.0,0.0,0.0,0.0,,,0.0,0.0,0.0,0.0,0.0,0.007,0.001,82.5,0.0013,0.0008,0.88,0.0,0.0,0.0,0.0,,144,6.0,,3.0,,0.0,,17.0,,,,144,0.0,,0.0,,0.0,,0.0,,,
2021,35,2021-08-22,2021-08-28,0.3,10.5,0,0,0,0,0.0,0.0,0.0,0.0,,,0.0,0.0,0.0,0.0,0.0,0.0,0.0,83.0,,0.0008,0.94,0.0,0.0,0.0,0.0,,155,0.0,,3.0,,0.0,,22.0,,,,155,0.0,,0.0,,0.0,,0.0,,,
2021,36,2021-08-29,2021-09-04,0.5,10.9,0,0,0,0,0.0,0.0,0.0,0.0,,,0.0,0.0,0.0,0.0,0.0,0.0,0.0,83.0,0.0009,0.001,0.82,0.0,0.0,0.0,0.0,,150,8.0,,6.0,,0.0,,26.0,,,,150,0.0,,0.0,,0.0,,0.0,,,
2021,37,2021-09-05,2021-09-11,0.4,14.4,0,0,0,0,0.0,0.0,0.0,0.0,,,0.0,0.0,0.0,0.0,0.0,0.007,0.001,87.9,0.0014,0.001,0.32,0.0,0.0,0.0,0.0,,181,2.0,,1.0,,0.0,,25.0,,,,181,0.0,,0.0,,0.0,,1.0,,,
2021,38,2021-09-12,2021-09-18,0.4,20.3,0,0,1,1,0.0,0.0,0.0007,0.0007,,,0.0,0.0,0.0,0.003,0.0,0.007,0.003,94.4,0.0023,0.0008,0.68,0.0,0.0,0.0,0.0,,203,4.0,,2.0,,0.0,,39.0,,,,203,0.0,,0.0,,0.0,,0.0,,,
2021,39,2021-09-19,2021-09-25,0.5,25.2,0,0,0,0,0.0,0.0,0.0,0.0,,,0.0,0.0,0.0,0.0,0.0,0.0,0.0,104.9,0.0032,0.0007,0.74,0.0,0.0,0.0,0.0,,214,2.0,,2.0,,0.0,,66.0,,,,214,0.0,,0.0,,0.0,,0.0,,,
2021,40,2021-09-26,2021-10-02,0.5,26.6,0,0,0,0,0.0,0.0,0.0,0.0,1.0,0.0,0.0,0.0,0.0,0.0,0.0,0.0,0.0,113.6,0.0029,0.0007,0.73,0.0,0.0,0.0,0.0,,250,3.0,,9.0,,0.0,,89.0,,,,250,0.0,,0.0,,0.0,,0.0,,,
2021,41,2021-10-03,2021-10-09,0.3,18.9,0,0,0,0,0.0,0.0,0.0,0.0,2.0,1.0,0.036,0.0,0.0,0.0,0.0,0.0,0.001,106.9,0.0027,0.0007,0.64,0.0,0.0,0.0,0.0,,246,3.0,,9.0,,0.0,,69.0,,,,246,0.0,,1.0,,0.0,,0.0,,,
2021,42,2021-10-10,2021-10-16,0.3,16.8,2,2,2,6,0.0015,0.0015,0.0015,0.0046,,,0.0,0.0,0.0,0.0,0.0,0.0,0.0,98.5,,0.0009,0.97,0.0,0.0,0.0,0.0,,304,9.0,,7.0,,0.0,,70.0,,,,304,0.0,,0.0,,1.0,,0.0,,,
2021,43,2021-10-17,2021-10-23,0.4,13.4,0,1,4,5,0.0,0.0008,0.0031,0.0039,,,0.036,0.0,0.0,0.0,0.0,0.0,0.001,94.3,0.0027,0.0008,0.66,0.0,0.0,0.0,0.0,,308,10.0,,13.0,,1.0,,56.0,,,,308,0.0,,0.0,,4.0,,0.0,,,
2021,44,2021-10-24,2021-10-30,0.7,19.4,2,2,5,9,0.0015,0.0015,0.0038,0.0068,2.0,0.0,0.0,0.0,0.0,0.0,0.0,0.0,0.0,102.8,0.002,0.0009,0.88,0.0,0.0,0.0,0.0,,328,6.0,,9.0,,0.0,,93.0,,,,328,0.0,,0.0,,12.0,,1.0,,,
2021,45,2021-10-31,2021-11-06,0.9,9.6,1,2,3,6,0.0007,0.0015,0.0022,0.0044,2.0,0.0,0.036,0.0,0.0,0.0,0.0,0.007,0.003,106.0,0.0034,0.0009,0.94,0.0,0.0,0.0,0.0,,344,7.0,,10.0,,0.0,,96.0,,,,344,0.0,,0.0,,16.0,,0.0,,,
2021,46,2021-11-07,2021-11-13,0.6,16.0,2,2,4,8,0.0015,0.0015,0.0031,0.0062,1.0,0.0,0.0,0.0,0.0,0.0,0.0,0.0,0.0,107.1,0.0039,0.0012,0.96,0.0,0.0,0.0,0.0,,298,3.0,,11.0,,0.0,,77.0,,,,298,0.0,,0.0,,19.0,,0.0,,,
2021,47,2021-11-14,2021-11-20,0.9,19.2,0,3,2,5,0.0,0.002,0.0014,0.0034,2.0,0.0,0.0,0.0,0.0,0.0,0.0,0.0,0.0,112.3,0.0036,0.0009,0.72,0.0,0.0,0.0,0.0,,342,4.0,,12.0,,0.0,,89.0,,,,342,0.0,,0.0,,40.0,,0.0,,,
2021,48,2021-11-21,2021-11-27,1.1,21.0,1,3,4,8,0.0007,0.0021,0.0028,0.0056,1.0,0.0,0.0,0.0,0.0,0.0,0.0,0.0,0.0,107.3,0.0036,0.001,0.76,0.0,0.0,0.0,0.0,,360,5.0,,23.0,,0.0,,94.0,,,,360,0.0,,0.0,,56.0,,0.0,,,
2021,49,2021-11-28,2021-12-04,0.8,23.2,1,2,3,6,0.0007,0.0014,0.002,0.0041,,,0.0,0.0,0.0,0.0,0.0,0.0,0.0,110.9,0.0031,0.0009,0.77,0.0,0.0,0.0,0.0,,395,7.0,,30.0,,0.0,,87.0,,,,395,1.0,,0.0,,84.0,,0.0,,,
2021,50,2021-12-05,2021-12-11,0.9,25.6,0,0,4,4,0.0,0.0,0.0026,0.0026,,,0.0,0.0,0.0,0.003,0.0,0.0,0.001,104.6,0.0032,0.0009,1.02,0.0,0.0,0.0,0.0,,418,7.0,,37.0,,0.0,,89.0,,,,418,0.0,,0.0,,68.0,,0.0,,,
2021,51,2021-12-12,2021-12-18,0.8,27.1,0,1,1,2,0.0,0.0007,0.0007,0.0013,,,0.036,0.0,0.0,0.0,0.0,0.007,0.003,104.8,0.0036,0.0008,0.51,0.0,0.0,0.0,0.0,,413,4.0,,32.0,,0.0,,77.0,,,,413,0.0,,0.0,,70.0,,0.0,,,
2021,52,2021-12-19,2021-12-25,0.7,18.6,0,0,0,0,0.0,0.0,0.0,0.0,,,0.0,0.0,0.0,0.0,0.0,0.0,0.0,100.5,,0.0006,0.39,0.0,0.0,0.0,0.0,,534,5.0,,66.0,,0.0,,132.0,,,,534,0.0,,0.0,,97.0,,0.0,,,
2022,1,2021-12-26,2022-01-01,0.7,25.9,0,0,2,2,0.0,0.0,0.0014,0.0014,,,0.0,0.0,0.0,0.0,0.0,0.0,0.0,99.7,,0.0009,1.09,0.0,0.0,0.0,0.0,,462,7.0,,50.0,,0.0,,87.0,,,,462,0.0,,0.0,,89.0,,0.0,,,
2022,2,2022-01-02,2022-01-08,0.5,12.3,0,0,0,0,0.0,0.0,0.0,0.0,,,0.0,0.0,0.0,0.0,0.0,0.0,0.0,110.1,0.0025,0.0007,1.15,0.0,0.0,0.0,0.0,,585,12.0,,34.0,,0.0,,81.0,,,,585,0.0,,0.0,,79.0,,0.0,,,
2022,3,2022-01-09,2022-01-15,0.7,13.3,0,0,1,1,0.0,0.0,0.0007,0.0007,,,0.0,0.029,0.0,0.0,0.0,0.0,0.001,102.4,0.0027,0.0009,0.84,0.0,0.0,0.0,0.0,,563,6.0,,41.0,,0.0,,101.0,,,,563,0.0,,0.0,,87.0,,0.0,,,
2022,4,2022-01-16,2022-01-22,0.6,13.4,0,0,0,0,0.0,0.0,0.0,0.0,,,0.0,0.0,0.0,0.0,0.0,0.0,0.0,90.3,,0.0009,1.06,0.0,0.0,0.0,0.0,,443,11.0,,35.0,,0.0,,64.0,,,,443,0.0,,0.0,,55.0,,0.0,,,
2022,5,2022-01-23,2022-01-29,0.6,8.0,0,0,0,0,0.0,0.0,0.0,0.0,,,0.0,0.0,0.0,0.0,0.0,0.0,0.0,98.8,,0.0007,0.0,0.0,0.0,0.0,0.0,,450,18.0,,22.0,,1.0,,38.0,,,,450,1.0,,0.0,,25.0,,0.0,,,
2022,6,2022-01-30,2022-02-05,0.6,13.9,0,0,0,0,0.0,0.0,0.0,0.0,,,0.0,0.0,0.0,0.0,0.0,0.0,0.0,94.0,,0.0008,0.33,0.0,0.0,0.0,0.0,,430,10.0,,16.0,,0.0,,23.0,,,,430,0.0,,0.0,,11.0,,0.0,,,
2022,7,2022-02-06,2022-02-12,1.1,15.0,0,0,0,0,0.0,0.0,0.0,0.0,,,0.0,0.0,0.0,0.0,0.0,0.0,0.0,198.5,,0.0006,0.77,0.0,0.0,0.0,0.0,,488,6.0,,12.0,,0.0,,18.0,,,,488,0.0,,0.0,,6.0,,0.0,,,
2022,8,2022-02-13,2022-02-19,2.0,14.1,0,0,0,0,0.0,0.0,0.0,0.0,,,0.0,0.0,0.0,0.0,0.0,0.0,0.0,303.4,,0.0022,0.72,0.0,0.0,0.0,0.0,,786,7.0,,3.0,,0.0,,13.0,,,,786,0.0,,0.0,,7.0,,0.0,,,
2022,9,2022-02-20,2022-02-26,2.1,20.8,0,0,0,0,0.0,0.0,0.0,0.0,,,0.0,0.0,0.0,0.0,0.0,0.0,0.0,327.0,,0.0075,0.84,0.0,0.0,0.0,0.0,,881,1.0,,1.0,,0.0,,10.0,,,,881,0.0,,0.0,,8.0,,0.0,,,
2022,10,2022-02-27,2022-03-05,3.6,14.2,0,0,0,0,0.0,0.0,0.0,0.0,,,0.0,0.0,0.0,0.0,0.0,0.0,0.0,238.0,,0.0141,1.61,0.0,0.0,0.0,0.0,,777,6.0,,2.0,,0.0,,9.0,,,,777,0.0,,0.0,,5.0,,0.0,,,
2022,11,2022-03-06,2022-03-12,3.1,17.3,0,0,0,0,0.0,0.0,0.0,0.0,,,0.0,0.0,0.0,0.0,0.0,0.0,0.0,171.7,,0.0094,0.91,0.0,0.0,0.0,0.0,,594,3.0,,0.0,,0.0,,7.0,,,,594,0.0,,0.0,,6.0,,0.0,,,
2022,12,2022-03-13,2022-03-19,0.4,17.2,0,0,0,0,0.0,0.0,0.0,0.0,,,0.0,0.0,0.0,0.0,0.0,0.0,0.0,134.8,,0.0072,0.4,0.0,0.0,0.0,0.0,,403,6.0,,0.0,,0.0,,7.0,,,,403,0.0,,0.0,,1.0,,2.0,,,
2022,13,2022-03-20,2022-03-26,0.3,12.7,0,0,0,0,0.0,0.0,0.0,0.0,,,0.0,0.0,0.0,0.0,0.0,0.0,0.0,109.2,,0.0026,0.71,0.0,0.0,0.0,0.0,,290,3.0,,0.0,,0.0,,1.0,,,,290,0.0,,0.0,,0.0,,0.0,,,
2022,14,2022-03-27,2022-04-02,0.2,9.8,0,0,0,0,0.0,0.0,0.0,0.0,,,0.0,0.0,0.0,0.0,0.0,0.0,0.0,101.3,,0.0016,0.51,0.0,0.0,0.0,0.0,,297,3.0,,0.0,,0.0,,0.0,,,,297,0.0,,0.0,,0.0,,0.0,,,
2022,15,2022-04-03,2022-04-09,0.2,12.7,0,0,0,0,0.0,0.0,0.0,0.0,,,0.0,0.0,0.0,0.0,0.0,0.0,0.0,84.8,,0.0017,0.63,0.0,0.0,0.0,0.0,,246,6.0,,0.0,,0.0,,1.0,,,,246,0.0,,0.0,,0.0,,0.0,,,
2022,16,2022-04-10,2022-04-16,0.1,9.2,0,0,0,0,0.0,0.0,0.0,0.0,,,0.0,0.0,0.0,0.0,0.0,0.0,0.0,78.4,,0.0015,0.28,0.0,0.0,0.0,0.0,,280,9.0,,0.0,,0.0,,0.0,,,,280,0.0,,0.0,,0.0,,0.0,,,
2022,17,2022-04-17,2022-04-23,0.1,7.8,0,0,0,0,0.0,0.0,0.0,0.0,,,0.0,0.0,0.0,0.0,0.0,0.0,0.0,65.0,,0.0008,0.64,0.0,0.0,0.0,0.0,,279,7.0,,1.0,,0.0,,0.0,,,,279,0.0,,0.0,,1.0,,0.0,,,
2022,18,2022-04-24,2022-04-30,0.3,7.7,0,0,0,0,0.0,0.0,0.0,0.0,,,0.0,0.0,0.0,0.0,0.0,0.0,0.0,66.7,,0.0011,0.2,0.0,0.0,0.0,0.0,,363,11.0,,0.0,,0.0,,0.0,,,,363,0.0,,0.0,,1.0,,0.0,,,
2022,19,2022-05-01,2022-05-07,0.3,8.4,0,0,0,0,0.0,0.0,0.0,0.0,,,0.0,0.0,0.0,0.0,0.0,0.0,0.0,60.4,0.0005,0.0011,0.15,0.0,0.0,0.0,0.0,,391,14.0,,0.0,,0.0,,2.0,,,,391,0.0,,0.0,,0.0,,0.0,,,
2022,20,2022-05-08,2022-05-14,0.4,8.1,0,0,0,0,0.0,0.0,0.0,0.0,,,0.0,0.0,0.0,0.0,0.0,0.0,0.0,62.7,0.0003,0.0008,0.4,0.0,0.0,0.0,0.0,,392,9.0,,1.0,,1.0,,0.0,,,,392,0.0,,0.0,,0.0,,0.0,,,
2022,21,2022-05-15,2022-05-21,0.3,5.6,0,2,0,2,0.0,0.002,0.0,0.002,,,0.0,0.0,0.0,0.0,0.0,0.0,0.0,60.2,0.0008,0.0006,0.47,0.0,0.0,0.0,0.0,,412,9.0,,2.0,,0.0,,3.0,,,,412,0.0,,0.0,,2.0,,0.0,,,
2022,22,2022-05-22,2022-05-28,0.3,7.5,0,0,0,0,0.0,0.0,0.0,0.0,,,0.0,0.0,0.0,0.0,0.0,0.0,0.0,61.0,0.0007,0.0007,0.51,0.0,0.0,0.0,0.0,,396,3.0,,0.0,,2.0,,2.0,,,,396,0.0,,0.0,,0.0,,2.0,,,
2022,23,2022-05-29,2022-06-04,0.4,6.8,0,0,2,2,0.0,0.0,0.0018,0.0018,,,0.0,0.0,0.0,0.0,0.0,0.0,0.0,64.9,0.0009,0.0006,0.41,0.0,0.0,0.0,0.0,,423,2.0,,2.0,,0.0,,18.0,,,,423,0.0,,0.0,,0.0,,1.0,,,
2022,24,2022-06-05,2022-06-11,0.5,11.4,0,2,0,2,0.0,0.0015,0.0,0.0015,,,0.0,0.029,0.0,0.0,0.0,0.007,0.003,69.8,0.0017,0.0004,0.42,0.0,0.0,0.0,0.0,,641,5.0,,0.0,,0.0,,63.0,,,,641,0.0,,0.0,,0.0,,3.0,,,
2022,25,2022-06-12,2022-06-18,1.0,16.5,0,6,3,9,0.0,0.0043,0.0022,0.0065,,,0.113,0.0,0.0,0.0,0.0,0.0,0.004,79.1,0.0034,0.0006,0.25,0.0,0.0,0.0,0.0,,623,4.0,,2.0,,0.0,,132.0,,,,623,0.0,,0.0,,1.0,,5.0,,,
2022,26,2022-06-19,2022-06-25,0.7,23.7,0,5,0,5,0.0,0.0032,0.0,0.0032,1.0,0.0,0.038,0.0,0.0,0.0,0.0,0.0,0.001,92.3,0.0045,0.0009,0.53,0.0,0.0,0.0,0.0,,763,5.0,,0.0,,2.0,,210.0,,,,763,0.0,,1.0,,0.0,,2.0,,,
2022,27,2022-06-26,2022-07-02,1.0,18.0,0,3,0,3,0.0,0.0022,0.0,0.0022,,,0.0,0.0,0.0,0.0,0.0,0.0,0.0,96.5,0.0035,0.0006,0.24,0.0,0.0,0.0,0.0,,617,9.0,,0.0,,1.0,,194.0,,,,617,0.0,,0.0,,0.0,,3.0,,,
2022,28,2022-07-03,2022-07-09,0.4,9.7,0,1,0,1,0.0,0.0006,0.0,0.0006,,,0.0,0.0,0.0,0.0,0.0,0.0,0.0,83.2,0.0018,0.0007,0.44,0.0,0.0,0.0,0.0,,829,12.0,,3.0,,1.0,,166.0,,,,829,0.0,,0.0,,0.0,,6.0,,,
2022,29,2022-07-10,2022-07-16,0.6,10.6,0,3,0,3,0.0,0.0021,0.0,0.0021,,,0.0,0.0,0.0,0.0,0.0,0.0,0.0,85.2,0.0017,0.0008,0.62,0.0,0.0,0.0,0.0,,654,2.0,,0.0,,0.0,,82.0,,,,654,0.0,,0.0,,1.0,,7.0,,,
2022,30,2022-07-17,2022-07-23,0.4,9.6,0,1,0,1,0.0,0.0007,0.0,0.0007,,,0.0,0.0,0.0,0.0,0.0,0.0,0.0,84.2,0.0016,0.0008,0.52,0.0,0.0,0.0,0.0,,516,1.0,,0.0,,1.0,,44.0,,,,516,0.0,,1.0,,1.0,,5.0,,,
2022,31,2022-07-24,2022-07-30,0.5,10.3,0,2,0,2,0.0,0.0013,0.0,0.0013,,,0.0,0.0,0.0,0.0,0.0,0.007,0.001,83.9,0.0012,0.0009,0.35,0.0,0.0,1.0,0.0,,537,4.0,,1.0,,1.0,,51.0,,,,537,0.0,,0.0,,0.0,,2.0,,,
2022,32,2022-07-31,2022-08-06,0.7,7.2,1,0,0,1,0.0006,0.0,0.0,0.0006,,,0.038,0.0,0.0,0.0,0.0,0.0,0.001,80.1,0.0015,0.001,0.36,0.0,0.0,0.0,0.0,,544,4.0,,0.0,,0.0,,40.0,,,,544,0.0,,1.0,,0.0,,0.0,,,
2022,33,2022-08-07,2022-08-13,0.3,9.4,0,3,1,4,0.0,0.0018,0.0006,0.0025,,,0.0,0.0,0.0,0.003,0.0,0.0,0.001,80.5,0.0016,0.0006,0.36,0.0,0.0,0.0,0.0,,569,3.0,,0.0,,0.0,,41.0,,,,569,0.0,,0.0,,0.0,,2.0,,,
2022,34,2022-08-14,2022-08-20,0.5,10.3,0,2,0,2,0.0,0.0011,0.0,0.0011,,,0.0,0.0,0.0,0.003,0.0,0.007,0.003,90.5,0.002,0.0008,0.68,0.0,0.0,0.0,0.0,,634,1.0,,2.0,,1.0,,31.0,,,,634,0.0,,0.0,,1.0,,2.0,,,
2022,35,2022-08-21,2022-08-27,0.4,11.4,0,2,0,2,0.0,0.0011,0.0,0.0011,,,0.0,0.029,0.0,0.0,0.0,0.0,0.001,96.3,,0.001,0.35,0.0,0.0,0.0,0.0,,658,5.0,,1.0,,0.0,,42.0,,,,658,0.0,,0.0,,2.0,,1.0,,,
2022,36,2022-08-28,2022-09-03,0.6,15.0,1,0,0,1,0.0005,0.0,0.0,0.0005,,,0.0,0.0,0.0,0.0,0.0,0.0,0.0,95.9,0.001,0.0011,0.32,0.0,0.0,0.0,0.0,,707,4.0,,1.0,,2.0,,51.0,,,,707,1.0,,0.0,,0.0,,2.0,,,
2022,37,2022-09-04,2022-09-10,0.6,20.1,0,0,0,0,0.0,0.0,0.0,0.0,,,0.0,0.0,0.0,0.0,0.0,0.0,0.0,102.4,0.0025,0.0012,0.0,0.0,0.0,0.0,0.0,,625,3.0,,0.0,,1.0,,24.0,,,,625,0.0,,2.0,,0.0,,2.0,,,
2022,38,2022-09-11,2022-09-17,0.3,13.7,0,0,0,0,0.0,0.0,0.0,0.0,,,0.0,0.0,0.0,0.0,0.0,0.0,0.0,96.7,0.004,0.001,0.58,0.0,0.0,0.0,0.0,,552,4.0,,0.0,,3.0,,41.0,,,,552,0.0,,0.0,,0.0,,1.0,,,
2022,39,2022-09-18,2022-09-24,0.3,16.1,0,0,0,0,0.0,0.0,0.0,0.0,,,0.0,0.0,0.0,0.0,0.0,0.0,0.0,84.8,0.0029,0.0008,0.53,0.0,0.0,0.0,0.0,,588,8.0,,2.0,,1.0,,56.0,,,,588,0.0,,0.0,,0.0,,0.0,,,
2022,40,2022-09-25,2022-10-01,0.4,24.6,0,0,1,1,0.0,0.0,0.0006,0.0006,,,0.0,0.0,0.0,0.0,0.0,0.0,0.0,81.2,0.0026,0.0009,0.62,0.0,0.0,0.0,0.0,,448,3.0,,2.0,,2.0,,57.0,,,,448,0.0,,0.0,,0.0,,0.0,,,
2022,41,2022-10-02,2022-10-08,0.3,19.4,0,2,0,2,0.0,0.0012,0.0,0.0012,,,0.038,0.0,0.0,0.0,0.0,0.0,0.001,89.5,0.0036,0.0008,0.26,0.0,0.0,0.0,0.0,,577,4.0,,2.0,,3.0,,110.0,,,,577,1.0,,0.0,,0.0,,2.0,,,
2022,42,2022-10-09,2022-10-15,0.8,11.9,0,3,2,5,0.0,0.0016,0.0011,0.0027,,,0.0,0.0,0.0,0.0,0.0,0.0,0.0,92.8,0.0029,0.0008,0.08,0.0,0.0,0.0,0.0,,694,6.0,,2.0,,5.0,,112.0,,,,694,0.0,,0.0,,1.0,,2.0,,,
2022,43,2022-10-16,2022-10-22,0.7,18.2,0,0,1,1,0.0,0.0,0.0006,0.0006,,,0.0,0.0,0.0,0.0,0.0,0.0,0.0,92.1,0.0028,0.0011,0.39,0.0,0.0,0.0,0.0,,617,7.0,,3.0,,1.0,,109.0,,,,617,0.0,,0.0,,1.0,,5.0,,,
2022,44,2022-10-23,2022-10-29,0.7,15.8,3,4,4,11,0.0018,0.0023,0.0023,0.0064,,,0.0,0.0,0.0,0.0,0.0,0.0,0.0,86.2,0.0032,0.0009,0.64,0.0,0.0,0.0,0.0,,626,11.0,,3.0,,1.0,,94.0,,,,626,0.0,,0.0,,1.0,,3.0,,,
2022,45,2022-10-30,2022-11-05,0.6,17.7,0,8,4,12,0.0,0.005,0.0025,0.0075,,,0.075,0.058,0.031,0.0,0.0,0.0,0.007,84.1,,0.0006,0.39,0.0,0.0,0.0,0.0,,564,10.0,,7.0,,0.0,,106.0,,,,564,1.0,,0.0,,4.0,,6.0,,,
2022,46,2022-11-06,2022-11-12,0.8,13.8,0,9,6,15,0.0,0.0056,0.0038,0.0094,,,0.113,0.0,0.0,0.0,0.0,0.0,0.004,87.1,0.002,0.0009,0.43,0.0,0.0,0.0,0.0,,587,1.0,,10.0,,3.0,,75.0,,,,587,0.0,,0.0,,4.0,,4.0,,,
2022,47,2022-11-13,2022-11-19,0.6,19.8,2,15,0,17,0.0011,0.0084,0.0,0.0095,,,0.075,0.0,0.031,0.0,0.0,0.0,0.004,91.4,0.0039,0.0011,0.26,0.0,0.0,0.0,0.0,,664,8.0,,19.0,,9.0,,80.0,,,,664,0.0,,1.0,,2.0,,6.0,,,
2022,48,2022-11-20,2022-11-26,0.5,20.1,0,11,3,14,0.0,0.0063,0.0017,0.008,,,0.075,0.0,0.0,0.0,0.0,0.0,0.003,93.8,0.0038,0.0007,0.63,0.0,0.0,0.0,0.0,,657,4.0,,27.0,,7.0,,77.0,,,,657,0.0,,0.0,,2.0,,7.0,,,
2022,49,2022-11-27,2022-12-03,0.6,13.3,4,5,4,13,0.0022,0.0028,0.0022,0.0072,,,0.075,0.0,0.0,0.003,0.0,0.0,0.004,98.9,0.0042,0.0008,0.32,1.0,0.0,0.0,0.0,,667,6.0,,33.0,,9.0,,69.0,,,,667,2.0,,1.0,,8.0,,12.0,,,
2022,50,2022-12-04,2022-12-10,0.6,29.1,0,9,1,10,0.0,0.0047,0.0005,0.0052,,,0.151,0.0,0.0,0.0,0.0,0.007,0.007,106.6,0.0053,0.0012,0.54,0.0,0.0,0.0,1.0,,694,6.0,,46.0,,8.0,,73.0,,,,694,0.0,,2.0,,6.0,,10.0,,,
2022,51,2022-12-11,2022-12-17,0.3,30.4,2,1,0,3,0.001,0.0005,0.0,0.0015,,,0.0,0.0,0.0,0.0,0.0,0.0,0.0,108.9,0.0053,0.0029,0.58,1.0,0.0,0.0,0.0,,656,10.0,,66.0,,9.0,,80.0,,,,656,1.0,,0.0,,18.0,,4.0,,,
2022,52,2022-12-18,2022-12-24,0.6,38.7,3,11,7,21,0.0011,0.0039,0.0025,0.0075,,,0.075,0.0,0.031,0.0,0.0,0.013,0.007,113.9,0.0063,0.0018,0.65,0.0,0.0,0.0,0.0,,774,3.0,,61.0,,5.0,,49.0,,,,774,1.0,,0.0,,12.0,,1.0,,,
2022,53,2022-12-25,2022-12-31,0.3,9.9,10,24,4,38,0.0016,0.0038,0.0006,0.0061,,,0.113,0.086,0.031,0.01,0.0,0.013,0.016,121.9,,0.0021,1.09,0.0,1.0,1.0,1.0,,1460,2.0,,28.0,,2.0,,21.0,,,,1460,1.0,,0.0,,6.0,,2.0,,,
2023,1,2023-01-01,2023-01-07,0.5,18.0,4,33,3,40,0.0007,0.0055,0.0005,0.0066,,,0.198,0.0,0.028,0.01,0.0,0.018,0.016,111.4,0.0044,0.0013,0.86,0.0,0.0,0.0,0.0,1724,1,0.06,27,1.57,6,0.35,15,15.0,17.0,0.99,1724,0,0.0,0,0.0,3,0.17,0,0.0,,,
2023,2,2023-01-08,2023-01-14,0.9,24.4,4,41,6,51,0.0006,0.0057,0.0008,0.007,,,0.119,0.057,0.056,0.01,0.0,0.018,0.017,101.7,0.0038,0.0012,0.76,1.0,0.0,0.0,0.0,3143,5,0.16,45,1.43,5,0.16,21,21.0,23.0,0.73,3143,0,0.0,0,0.0,13,0.41,2,0.06,,,
2023,3,2023-01-15,2023-01-21,0.3,15.4,1,39,3,43,0.0002,0.0064,0.0005,0.0071,,,0.159,0.0,0.028,0.003,0.0,0.037,0.016,93.3,0.0031,0.0004,0.59,0.0,1.0,0.0,0.0,2455,6,0.24,58,2.36,4,0.16,11,11.0,11.0,0.45,2455,0,0.0,0,0.0,7,0.29,1,0.04,,,
2023,4,2023-01-22,2023-01-28,1.2,16.9,1,44,6,51,0.0002,0.0094,0.0013,0.0109,,,0.277,0.029,0.0,0.013,0.006,0.037,0.025,104.7,,0.0007,0.63,0.0,0.0,0.0,0.0,1465,0,0.0,52,3.55,2,0.14,16,16.0,16.0,1.09,1465,0,0.0,0,0.0,10,0.68,2,0.14,,,
2023,5,2023-01-29,2023-02-04,0.8,26.7,12,58,2,72,0.0022,0.0104,0.0004,0.0129,0.0,1.0,0.357,0.057,0.056,0.013,0.027,0.031,0.036,98.2,0.0049,0.0009,0.79,0.0,0.0,0.0,2.0,1814,1,0.06,70,3.86,6,0.33,20,17.0,20.0,1.1,1814,0,0.0,0,0.0,14,0.77,1,0.06,,,
2023,6,2023-02-05,2023-02-11,0.7,32.4,3,36,7,46,0.0006,0.0067,0.0013,0.0085,1.0,0.0,0.317,0.143,0.028,0.003,0.0,0.006,0.021,94.9,0.0063,0.0009,0.67,0.0,0.0,0.0,0.0,1859,3,0.16,61,3.28,10,0.54,15,15.0,15.0,0.81,1859,0,0.0,0,0.0,23,1.24,1,0.05,,,
2023,7,2023-02-12,2023-02-18,1.2,30.6,6,48,6,60,0.0012,0.0093,0.0012,0.0116,0.0,1.0,0.277,0.143,0.084,0.013,0.0,0.012,0.028,94.5,0.0104,0.0008,0.3,0.0,0.0,0.0,0.0,1725,3,0.17,82,4.75,9,0.52,28,27.0,28.0,1.62,1725,0,0.0,0,0.0,25,1.45,2,0.12,,,
2023,8,2023-02-19,2023-02-25,0.8,25.7,7,19,6,32,0.0014,0.0037,0.0012,0.0063,2.0,0.0,0.159,0.029,0.0,0.006,0.0,0.018,0.013,99.6,0.0071,0.0006,0.77,0.0,0.0,0.0,1.0,1651,3,0.18,69,4.18,7,0.42,23,22.0,24.0,1.45,1651,1,0.06,0,0.0,21,1.27,3,0.18,,,
2023,9,2023-02-26,2023-03-04,1.3,20.9,19,14,1,34,0.0042,0.0031,0.0002,0.0075,1.0,0.0,0.198,0.029,0.028,0.003,0.006,0.006,0.013,103.1,0.0087,0.0003,0.62,0.0,0.0,0.0,0.0,1442,2,0.14,44,3.05,6,0.42,40,40.0,40.0,2.77,1442,1,0.07,1,0.07,18,1.25,1,0.07,,,
2023,10,2023-03-05,2023-03-11,1.5,31.1,59,23,1,83,0.012,0.0047,0.0002,0.0169,1.0,0.0,0.277,0.143,0.111,0.016,0.006,0.037,0.037,113.2,0.0091,0.0008,0.59,0.0,1.0,0.0,0.0,1512,2,0.13,37,2.45,3,0.2,42,41.0,54.0,3.57,1512,1,0.07,0,0.0,27,1.79,0,0.0,,,
2023,11,2023-03-12,2023-03-18,1.3,30.7,148,34,3,185,0.0284,0.0065,0.0006,0.0355,2.0,0.0,0.476,0.257,0.028,0.029,0.071,0.158,0.093,127.6,0.0098,0.0007,0.57,0.0,2.0,4.0,2.0,1705,1,0.06,32,1.88,7,0.41,61,59.0,90.0,5.28,1705,4,0.23,0,0.0,36,2.11,0,0.0,,,
2023,12,2023-03-19,2023-03-25,1.5,28.5,277,72,9,358,0.0475,0.0123,0.0015,0.0614,0.0,1.0,0.991,0.543,0.223,0.09,0.131,0.231,0.188,131.3,0.0075,0.0008,0.52,0.0,0.0,2.0,0.0,2102,4,0.19,55,2.62,14,0.67,86,84.0,117.0,5.57,2102,2,0.1,0,0.0,49,2.33,0,0.0,,,
2023,13,2023-03-26,2023-04-01,1.7,42.0,499,132,10,641,0.0809,0.0214,0.0016,0.1039,6.0,6.0,1.823,0.743,0.223,0.145,0.192,0.451,0.311,147.4,0.0112,0.0014,0.29,0.0,0.0,1.0,4.0,2412,8,0.33,57,2.36,10,0.41,107,106.0,151.0,6.26,2412,4,0.17,0,0.0,59,2.45,2,0.08,,,
2023,14,2023-04-02,2023-04-08,1.4,31.0,844,186,1,1031,0.1179,0.026,0.0001,0.1441,1.0,7.0,2.775,0.972,0.39,0.2,0.405,0.999,0.555,170.5,,0.0012,0.42,1.0,4.0,7.0,15.0,2886,5,0.17,81,2.81,13,0.45,67,66.0,168.0,5.82,2886,2,0.07,0,0.0,71,2.46,2,0.07,,,
2023,15,2023-04-09,2023-04-15,3.0,48.5,1668,343,4,2015,0.1445,0.0297,0.0003,0.1745,0.0,8.0,5.985,1.829,0.529,0.348,0.646,2.284,1.108,189.6,0.0114,0.0017,1.28,0.0,7.0,8.0,32.0,5426,23,0.42,169,3.11,24,0.44,75,74.0,288.0,5.31,5426,10,0.18,1,0.02,134,2.47,13,0.24,,,
2023,16,2023-04-16,2023-04-22,3.3,45.0,1117,231,5,1352,0.1504,0.0311,0.0007,0.182,10.0,13.0,6.421,2.629,0.696,0.299,0.668,2.132,1.12,178.3,0.0079,0.0014,0.28,0.0,3.0,11.0,34.0,6784,27,0.4,163,2.4,38,0.56,88,86.0,257.0,3.79,6784,11,0.16,1,0.01,94,1.39,12,0.18,,,
2023,17,2023-04-23,2023-04-29,5.2,49.3,982,238,5,1242,0.1167,0.0283,0.0006,0.1476,44.0,12.0,5.47,2.258,0.78,0.229,0.624,1.919,0.989,182.8,0.0104,0.0014,0.88,1.0,5.0,6.0,34.0,7598,29,0.18,172,2.26,51,0.67,84,82.0,277.0,3.65,7598,9,0.12,2,0.03,86,1.13,12,0.16,,,
2023,18,2023-04-30,2023-05-06,3.8,56.8,613,212,3,860,0.0705,0.0244,0.0003,0.0989,16.0,8.0,3.448,1.057,0.501,0.126,0.252,1.395,0.605,176.6,0.0118,0.0023,1.21,1.0,3.0,9.0,35.0,7832,30,0.38,152,1.94,40,0.51,77,73.0,301.0,3.84,7832,19,0.24,0,0.0,72,0.92,14,0.18,,,
2023,19,2023-05-07,2023-05-13,3.4,45.5,411,158,0,596,0.0441,0.017,0.0,0.064,14.0,11.0,2.616,1.086,0.445,0.087,0.186,0.908,0.438,161.3,0.0114,0.0027,1.32,0.0,1.0,6.0,24.0,8464,29,0.34,182,2.15,38,0.45,94,91.0,228.0,2.69,8464,13,0.15,3,0.04,40,0.47,17,0.2,,,
2023,20,2023-05-14,2023-05-20,3.1,41.6,237,100,0,353,0.0257,0.0108,0.0,0.0383,9.0,1.0,1.268,0.629,0.111,0.052,0.121,0.615,0.261,148.2,0.0112,0.0019,1.79,0.0,1.0,3.0,26.0,8440,37,0.44,160,1.9,50,0.59,95,91.0,221.0,2.62,8440,25,0.3,1,0.01,56,0.66,18,0.21,,,
2023,21,2023-05-21,2023-05-27,2.3,35.7,111,78,3,198,0.0124,0.0087,0.0003,0.0221,8.0,1.0,1.189,0.172,0.139,0.045,0.044,0.305,0.15,144.2,0.011,0.0014,1.04,0.0,1.0,1.0,21.0,8268,35,0.42,177,2.14,70,0.85,86,81.0,309.0,3.74,8268,14,0.17,1,0.01,61,0.74,14,0.17,,,
2023,22,2023-05-28,2023-06-03,2.0,45.8,61,84,1,148,0.0077,0.0106,0.0001,0.0187,5.0,0.0,0.634,0.257,0.028,0.052,0.033,0.183,0.104,140.8,0.0102,0.0019,0.86,0.0,0.0,3.0,11.0,7245,44,0.61,213,2.94,71,0.98,107,100.0,272.0,3.75,7245,20,0.28,2,0.03,67,0.92,27,0.37,,,
2023,23,2023-06-04,2023-06-10,1.9,27.7,34,47,0,86,0.0061,0.0084,0.0,0.0153,1.0,3.0,0.753,0.114,0.056,0.029,0.033,0.079,0.07,128.1,0.011,0.0021,1.18,0.0,1.0,3.0,12.0,4949,32,0.65,150,3.03,78,1.58,71,58.0,148.0,2.99,4949,8,0.16,2,0.04,34,0.69,28,0.57,,,
2023,24,2023-06-11,2023-06-17,2.1,35.9,36,70,1,111,0.006,0.0117,0.0002,0.0185,1.0,2.0,0.595,0.229,0.056,0.032,0.022,0.146,0.084,128.7,0.0089,0.0015,1.04,0.0,0.0,0.0,11.0,5304,29,0.55,167,3.15,101,1.9,67,44.0,206.0,3.88,5304,11,0.21,1,0.02,30,0.57,43,0.81,,,
2023,25,2023-06-18,2023-06-24,2.2,39.2,45,91,1,140,0.0085,0.0172,0.0002,0.0265,2.0,0.0,0.713,0.457,0.084,0.042,0.044,0.183,0.117,139.1,0.0114,0.0011,1.08,0.0,2.0,0.0,4.0,4700,41,0.87,203,4.32,151,3.21,86,44.0,239.0,5.09,4700,17,0.36,0,0.0,31,0.66,53,1.13,,,
2023,26,2023-06-25,2023-07-01,2.1,32.3,46,130,0,179,0.008,0.0227,0.0,0.0313,1.0,1.0,1.07,0.6,0.167,0.048,0.033,0.231,0.15,147.5,0.013,0.001,0.68,0.0,0.0,0.0,5.0,5103,60,1.18,291,5.7,191,3.74,103,46.0,338.0,6.62,5103,20,0.39,1,0.02,36,0.71,54,1.06,,,
2023,27,2023-07-02,2023-07-08,2.6,33.4,70,252,1,323,0.0124,0.0446,0.0002,0.0571,3.0,4.0,1.546,0.772,0.251,0.077,0.066,0.475,0.251,151.3,0.012,0.0009,0.65,0.0,2.0,4.0,5.0,4697,42,0.89,287,6.11,180,3.83,92,47.0,270.0,5.75,4697,15,0.32,1,0.02,22,0.47,54,1.15,,,
2023,28,2023-07-09,2023-07-15,3.2,24.7,101,328,10,443,0.0176,0.057,0.0017,0.077,1.0,6.0,2.18,1.458,0.64,0.071,0.099,0.615,0.358,155.6,0.0109,0.0008,0.76,2.0,0.0,2.0,6.0,4620,46,1.0,272,5.89,190,4.11,80,37.0,245.0,5.3,4620,9,0.19,1,0.02,21,0.45,37,0.8,,,
2023,29,2023-07-16,2023-07-22,2.3,33.9,69,445,4,524,0.0113,0.0728,0.0007,0.0857,0.0,8.0,2.695,1.086,0.557,0.064,0.104,0.603,0.35,161.4,0.0139,0.0016,0.69,0.0,1.0,5.0,9.0,5085,60,1.18,314,6.18,226,4.44,100,49.0,204.0,4.01,5085,11,0.22,1,0.02,26,0.51,32,0.63,,,
2023,30,2023-07-23,2023-07-29,3.1,29.2,50,469,5,529,0.0082,0.0766,0.0008,0.0864,0.0,5.0,2.616,0.686,0.362,0.113,0.126,0.895,0.409,155.4,,0.0014,0.46,1.0,1.0,1.0,12.0,5211,49,0.94,371,7.12,180,3.45,77,36.0,141.0,2.71,5211,1,0.02,0,0.0,18,0.35,26,0.5,,,
2023,31,2023-07-30,2023-08-05,3.0,10.4,48,432,11,492,0.0081,0.073,0.0019,0.0831,2.0,7.0,2.299,0.657,0.278,0.09,0.137,0.883,0.384,143.2,,0.0012,0.74,0.0,1.0,5.0,12.0,5050,42,0.83,386,7.64,182,3.6,92,48.0,132.0,2.61,5050,10,0.2,2,0.04,18,0.36,15,0.3,,,
2023,32,2023-08-06,2023-08-12,3.8,14.0,69,447,12,535,0.0112,0.0726,0.0019,0.0869,0.0,6.0,2.893,0.886,0.223,0.084,0.121,0.755,0.377,143.2,0.0079,0.0008,0.38,1.0,3.0,1.0,20.0,5135,32,0.62,416,8.1,153,2.98,80,42.0,103.0,2.01,5135,3,0.06,1,0.02,11,0.21,12,0.23,,,
2023,33,2023-08-13,2023-08-19,4.2,32.8,85,525,12,626,0.0133,0.0824,0.0019,0.0983,2.0,5.0,2.814,1.629,0.64,0.171,0.159,0.853,0.495,153.8,0.0073,0.001,0.8,0.0,6.0,4.0,12.0,5385,40,0.74,407,7.56,123,2.28,95,56.0,114.0,2.12,5385,8,0.15,2,0.04,13,0.24,12,0.22,,,
2023,34,2023-08-20,2023-08-26,5.6,56.5,110,553,22,690,0.0169,0.0849,0.0034,0.106,3.0,7.0,3.567,1.086,0.835,0.18,0.246,1.072,0.577,159.8,,0.0011,0.68,2.0,3.0,0.0,12.0,5461,19,0.35,439,8.04,101,1.85,99,75.0,135.0,2.47,5461,7,0.13,0,0.0,28,0.51,7,0.13,,,
2023,35,2023-08-27,2023-09-02,7.4,42.1,83,610,17,713,0.0151,0.1109,0.0031,0.1296,3.0,6.0,3.528,1.629,0.613,0.267,0.225,1.297,0.67,191.5,,0.0017,0.82,0.0,0.0,1.0,23.0,4378,25,0.57,365,8.34,76,1.74,76,54.0,132.0,3.02,4378,5,0.11,0,0.0,15,0.34,7,0.16,,,
2023,36,2023-09-03,2023-09-09,4.3,47.7,87,895,13,1002,0.0111,0.1142,0.0017,0.1279,2.0,3.0,4.598,1.601,0.613,0.216,0.164,1.23,0.654,169.3,0.0083,0.0013,0.27,2.0,2.0,2.0,19.0,6732,40,0.59,490,7.28,132,1.96,56,45.0,167.0,2.48,6732,10,0.15,3,0.04,33,0.49,6,0.09,,,
2023,37,2023-09-10,2023-09-16,5.0,52.6,76,770,23,870,0.0101,0.1026,0.0031,0.1159,36.0,12.0,3.805,1.601,0.807,0.206,0.236,1.358,0.678,176.5,0.0089,0.0015,0.91,2.0,3.0,3.0,25.0,6399,19,0.3,425,6.64,104,1.63,97,77.0,154.0,2.41,6399,6,0.09,3,0.05,24,0.38,5,0.08,,,
2023,38,2023-09-17,2023-09-23,10.1,88.4,138,867,24,1039,0.018,0.1129,0.0031,0.1353,81.0,10.0,4.915,2.601,1.336,0.177,0.296,1.632,0.849,193.8,0.0157,0.0021,1.16,3.0,3.0,10.0,23.0,6569,35,0.53,417,6.35,83,1.26,92,71.0,314.0,4.78,6569,13,0.2,4,0.06,39,0.59,8,0.12,,,
2023,39,2023-09-24,2023-09-30,11.3,57.1,117,966,52,1141,0.0153,0.1265,0.0068,0.1494,70.0,4.0,5.628,2.601,1.559,0.184,0.345,1.778,0.93,212.0,0.0134,0.0016,0.5,3.0,6.0,11.0,31.0,6329,32,0.51,371,5.86,100,1.58,84,69.0,281.0,4.44,6329,12,0.19,5,0.08,28,0.44,13,0.21,,,
2023,40,2023-10-01,2023-10-07,10.6,42.5,139,988,48,1187,0.0156,0.1107,0.0054,0.133,34.0,8.0,4.201,2.001,0.668,0.212,0.274,1.76,0.803,206.8,0.0132,0.0024,1.2,1.0,3.0,8.0,26.0,7204,23,0.32,274,3.8,96,1.33,101,84.0,272.0,3.78,7204,9,0.12,3,0.04,43,0.6,18,0.25,,,
2023,41,2023-10-08,2023-10-14,7.6,40.1,68,572,48,701,0.0092,0.0778,0.0065,0.0953,23.0,6.0,2.576,1.458,0.724,0.113,0.153,1.127,0.518,178.1,0.0111,0.0014,1.04,0.0,1.0,3.0,31.0,5804,11,0.19,152,2.62,59,1.02,84,65.0,173.0,2.98,5804,11,0.19,4,0.07,24,0.41,12,0.21,,,
2023,42,2023-10-15,2023-10-21,7.2,39.7,44,387,44,481,0.0059,0.0519,0.0059,0.0646,31.0,5.0,2.299,0.772,0.334,0.106,0.093,0.755,0.36,165.9,0.0124,0.0013,0.51,1.0,1.0,3.0,28.0,5909,17,0.29,123,2.08,67,1.13,88,68.0,176.0,2.98,5909,8,0.14,0,0.0,29,0.49,9,0.15,,,
2023,43,2023-10-22,2023-10-28,6.4,40.2,30,305,38,379,0.0043,0.0438,0.0055,0.0544,20.0,3.0,1.506,1.057,0.362,0.074,0.082,0.499,0.276,166.6,0.011,0.0008,0.65,1.0,3.0,6.0,18.0,5549,23,0.41,90,1.62,59,1.06,84,65.0,189.0,3.41,5549,16,0.29,3,0.05,40,0.72,5,0.09,,,
2023,44,2023-10-29,2023-11-04,5.4,35.5,26,226,52,306,0.0036,0.0313,0.0072,0.0424,9.0,0.0,1.229,0.514,0.278,0.087,0.027,0.475,0.224,160.6,0.0115,0.0009,0.8,1.0,1.0,2.0,13.0,6306,83,1.32,81,1.28,88,1.4,99,85.0,335.0,5.31,6306,66,1.05,13,0.21,49,0.78,21,0.33,,,
2023,45,2023-11-05,2023-11-11,5.5,40.9,23,194,45,267,0.0032,0.0268,0.0062,0.0369,21.0,2.0,0.872,0.257,0.418,0.061,0.082,0.305,0.173,162.9,0.0146,0.0007,0.67,1.0,2.0,3.0,13.0,6188,99,1.6,45,0.73,84,1.36,83,56.0,332.0,5.37,6188,96,1.55,13,0.21,70,1.13,25,0.4,,,
2023,46,2023-11-12,2023-11-18,5.5,45.6,17,171,45,239,0.0025,0.0254,0.0067,0.0356,14.0,3.0,0.793,0.372,0.334,0.087,0.038,0.347,0.181,159.9,0.0121,0.0008,0.76,0.0,1.0,0.0,5.0,5494,65,1.18,37,0.67,87,1.58,90,73.0,245.0,4.46,5494,59,1.07,8,0.15,70,1.27,14,0.25,,,
2023,47,2023-11-19,2023-11-25,5.3,37.0,21,210,55,289,0.0029,0.0285,0.0075,0.0392,17.0,5.0,1.229,0.4,0.278,0.042,0.115,0.39,0.203,172.7,0.0115,0.0012,0.89,0.0,1.0,3.0,10.0,6027,78,1.29,30,0.5,88,1.46,90,80.0,265.0,4.4,6027,45,0.75,10,0.17,79,1.31,20,0.33,,,
2023,48,2023-11-26,2023-12-02,5.4,39.1,24,241,56,328,0.0033,0.0332,0.0077,0.0452,12.0,0.0,1.031,0.514,0.473,0.068,0.055,0.439,0.218,176.6,0.013,0.0011,1.15,1.0,1.0,0.0,8.0,5929,70,1.18,26,0.44,78,1.32,99,91.0,246.0,4.15,5929,60,1.01,10,0.17,57,0.96,29,0.49,,,
2023,49,2023-12-03,2023-12-09,6.0,34.4,26,195,42,269,0.0036,0.0272,0.0059,0.0376,12.0,0.0,0.832,0.429,0.306,0.084,0.055,0.268,0.169,179.6,0.0119,0.0011,1.13,1.0,1.0,1.0,10.0,5828,70,1.2,16,0.27,66,1.13,95,85.0,236.0,4.05,5828,66,1.13,6,0.1,75,1.29,25,0.43,,,
2023,50,2023-12-10,2023-12-16,5.4,44.4,30,280,43,366,0.004,0.0374,0.0058,0.049,14.0,0.0,1.07,0.6,0.278,0.132,0.071,0.573,0.273,182.7,0.0136,0.001,0.75,0.0,2.0,1.0,8.0,5882,37,0.63,9,0.15,87,1.48,88,85.0,172.0,2.92,5882,52,0.88,6,0.1,87,1.48,17,0.29,,,
2023,51,2023-12-17,2023-12-23,6.4,14.6,32,282,58,384,0.0047,0.0419,0.0086,0.057,6.0,3.0,0.951,0.629,0.195,0.138,0.088,0.512,0.26,166.3,0.0074,0.0006,0.94,1.0,2.0,1.0,12.0,5442,17,0.31,8,0.15,45,0.83,89,86.0,141.0,2.59,5442,33,0.61,9,0.17,73,1.34,12,0.22,,,
2023,52,2023-12-24,2023-12-30,7.4,35.3,84,529,53,678,0.0105,0.0662,0.0066,0.0849,0.0,1.0,1.903,0.915,0.418,0.299,0.307,1.31,0.609,201.0,,0.0013,1.16,0.0,5.0,1.0,17.0,6642,21,0.32,7,0.11,70,1.05,85,85.0,194.0,2.92,6642,29,0.44,3,0.05,97,1.46,18,0.27,,,
2024,1,2023-12-31,2024-01-06,10.1,48.3,66,775,166,1021,0.0076,0.0893,0.0191,0.1177,2.0,9.0,4.209,1.402,0.816,0.283,0.254,1.71,0.8,217.9,0.0121,0.0013,1.69,1.0,4.0,8.0,21.0,7106,34,0.48,24,0.34,77,1.08,92,90.0,212.0,2.98,7106,37,0.52,11,0.15,79,1.11,14,0.2,,,
2024,2,2024-01-07,2024-01-13,9.0,61.7,61,699,163,948,0.0069,0.0787,0.0183,0.1067,21.0,7.0,3.367,2.104,0.507,0.277,0.226,1.216,0.667,199.8,0.0116,0.0017,1.18,2.0,7.0,4.0,33.0,7401,25,0.34,21,0.28,109,1.47,51,50.0,204.0,2.76,7401,24,0.32,11,0.15,90,1.22,17,0.23,,,
2024,3,2024-01-14,2024-01-20,7.9,55.8,47,411,88,560,0.0058,0.0507,0.0109,0.0691,23.0,4.0,1.726,0.823,0.31,0.169,0.138,0.861,0.404,183.1,0.0122,0.0012,1.6,0.0,4.0,11.0,25.0,6736,33,0.49,11,0.16,92,1.37,41,40.0,172.0,2.55,6736,23,0.34,9,0.13,70,1.04,15,0.22,,,
2024,4,2024-01-21,2024-01-27,7.1,33.8,31,255,85,389,0.0039,0.0321,0.0107,0.049,17.0,2.0,0.968,0.732,0.394,0.101,0.099,0.57,0.276,167.5,0.0102,0.0009,1.01,1.0,1.0,5.0,21.0,6584,29,0.44,14,0.21,83,1.26,41,41.0,171.0,2.6,6584,22,0.33,6,0.09,81,1.23,9,0.14,,,
2024,5,2024-01-28,2024-02-03,8.1,44.4,29,282,120,442,0.0034,0.0333,0.0142,0.0522,14.0,5.0,1.557,1.037,0.507,0.13,0.133,0.663,0.355,174.0,0.0113,0.0012,1.14,1.0,6.0,1.0,9.0,7127,19,0.27,16,0.22,97,1.36,49,49.0,212.0,2.97,7127,17,0.24,4,0.06,64,0.9,14,0.2,,,
2024,6,2024-02-04,2024-02-10,7.6,37.8,37,299,150,496,0.0048,0.0384,0.0193,0.0638,6.0,4.0,2.02,0.61,0.282,0.166,0.127,0.756,0.375,187.5,0.0098,0.0016,0.78,1.0,5.0,3.0,20.0,6478,18,0.28,20,0.31,106,1.64,44,43.0,190.0,2.93,6478,15,0.23,2,0.03,78,1.2,4,0.06,,,
2024,7,2024-02-11,2024-02-17,10.3,54.3,121,319,160,611,0.0131,0.0344,0.0173,0.066,0.0,2.0,2.104,0.671,0.113,0.267,0.193,0.977,0.48,221.8,,0.0016,1.57,2.0,7.0,5.0,16.0,7960,16,0.2,28,0.35,161,2.02,43,43.0,228.0,2.86,7960,14,0.18,4,0.05,91,1.14,8,0.1,,,
2024,8,2024-02-18,2024-02-24,10.7,49.2,177,288,218,702,0.0171,0.0278,0.021,0.0677,5.0,9.0,3.115,0.976,0.366,0.212,0.215,0.977,0.52,195.4,0.01,0.0018,0.95,1.0,3.0,6.0,28.0,8766,23,0.26,40,0.46,212,2.42,49,49.0,242.0,2.76,8766,14,0.16,5,0.06,105,1.2,12,0.14,,,
2024,9,2024-02-25,2024-03-02,8.8,37.2,168,242,197,635,0.0181,0.0261,0.0213,0.0685,26.0,7.0,2.399,1.098,0.282,0.199,0.204,0.739,0.436,186.6,0.0108,0.0011,1.15,0.0,2.0,8.0,23.0,7842,26,0.33,37,0.47,226,2.88,48,48.0,216.0,2.75,7842,6,0.08,1,0.01,122,1.56,4,0.05,,,
2024,10,2024-03-03,2024-03-09,8.1,59.9,207,213,156,591,0.0208,0.0214,0.0156,0.0593,26.0,6.0,2.273,0.732,0.366,0.208,0.238,0.977,0.486,191.1,0.0084,0.0019,0.32,1.0,1.0,8.0,22.0,8436,28,0.33,49,0.58,227,2.69,45,44.0,205.0,2.43,8436,8,0.09,7,0.08,87,1.03,5,0.06,,,
2024,11,2024-03-10,2024-03-16,10.1,55.5,279,242,136,683,0.0275,0.0239,0.0134,0.0674,20.0,7.0,1.894,1.22,0.31,0.182,0.342,1.071,0.529,204.0,0.0131,0.0016,1.51,4.0,5.0,11.0,22.0,8416,21,0.25,63,0.75,252,2.99,38,38.0,199.0,2.36,8416,6,0.07,2,0.02,88,1.05,11,0.13,,,
2024,12,2024-03-17,2024-03-23,8.4,55.2,295,172,127,628,0.0279,0.0163,0.012,0.0594,14.0,5.0,2.104,0.976,0.479,0.137,0.276,0.82,0.441,195.9,0.0115,0.0016,1.49,1.0,2.0,4.0,25.0,8834,22,0.25,70,0.79,287,3.25,41,40.0,262.0,2.97,8834,10,0.11,1,0.01,83,0.94,10,0.11,,,
2024,13,2024-03-24,2024-03-30,6.7,44.9,315,111,79,532,0.0333,0.0117,0.0084,0.0563,6.0,8.0,1.515,0.701,0.422,0.156,0.265,1.082,0.473,197.4,0.0079,0.0014,1.32,1.0,4.0,8.0,23.0,7999,25,0.31,77,0.96,259,3.24,44,44.0,217.0,2.71,7999,9,0.11,4,0.05,95,1.19,3,0.04,,,
2024,14,2024-03-31,2024-04-06,7.1,49.7,351,120,56,548,0.0376,0.0129,0.006,0.0587,0.0,9.0,1.978,0.549,0.113,0.146,0.309,1.047,0.465,187.0,,0.0018,0.32,1.0,2.0,6.0,24.0,7983,19,0.24,57,0.71,210,2.63,38,37.0,179.0,2.24,7983,6,0.08,3,0.04,88,1.1,7,0.09,,,
2024,15,2024-04-07,2024-04-13,8.2,57.0,582,125,59,804,0.0635,0.0136,0.0064,0.0877,5.0,5.0,3.325,0.823,0.31,0.182,0.425,1.565,0.69,182.6,0.009,0.0011,1.24,1.0,7.0,12.0,27.0,7652,20,0.26,67,0.88,237,3.1,40,39.0,142.0,1.86,7652,2,0.03,4,0.05,94,1.23,4,0.05,,,
2024,16,2024-04-14,2024-04-20,9.2,38.2,742,96,62,953,0.0761,0.0098,0.0064,0.0977,17.0,12.0,4.167,1.159,0.338,0.238,0.475,1.897,0.843,184.6,0.0101,0.0025,1.01,2.0,3.0,10.0,24.0,8096,18,0.22,74,0.91,237,2.93,39,38.0,132.0,1.63,8096,5,0.06,4,0.05,98,1.21,11,0.14,,,
2024,17,2024-04-21,2024-04-27,10.3,47.2,841,124,51,1059,0.0844,0.0124,0.0051,0.1063,43.0,14.0,4.377,1.738,0.394,0.159,0.37,2.164,0.881,198.2,0.0162,0.0014,1.09,2.0,3.0,10.0,38.0,8657,37,0.43,112,1.29,244,2.82,43,39.0,188.0,2.17,8657,9,0.1,1,0.01,90,1.04,9,0.1,,,
2024,18,2024-04-28,2024-05-04,14.1,61.2,1304,130,36,1549,0.1225,0.0122,0.0034,0.1455,27.0,15.0,5.85,1.829,0.563,0.247,0.585,2.409,1.083,213.2,0.0141,0.0015,0.96,2.0,4.0,20.0,38.0,9217,50,0.54,127,1.38,234,2.54,40,35.0,267.0,2.9,9217,4,0.04,5,0.05,116,1.26,7,0.08,,,
2024,19,2024-05-05,2024-05-11,14.8,77.1,1361,99,43,1613,0.1279,0.0093,0.004,0.1516,21.0,19.0,5.64,1.89,0.394,0.231,0.585,3.101,1.223,213.3,0.0119,0.0018,0.81,1.0,5.0,10.0,63.0,8935,28,0.31,124,1.39,202,2.26,38,33.0,213.0,2.38,8935,1,0.01,6,0.07,99,1.11,6,0.07,,,
2024,20,2024-05-12,2024-05-18,10.9,63.3,1160,79,29,1358,0.1099,0.0075,0.0027,0.1287,23.0,22.0,5.135,1.555,0.282,0.27,0.552,2.961,1.163,199.3,0.0121,0.0024,1.69,3.0,3.0,20.0,68.0,8667,16,0.18,91,1.05,136,1.57,39,36.0,182.0,2.1,8667,1,0.01,3,0.03,85,0.98,6,0.07,,,
2024,21,2024-05-19,2024-05-25,8.8,44.8,703,65,30,868,0.0706,0.0065,0.003,0.0871,19.0,13.0,2.736,0.793,0.197,0.156,0.32,1.868,0.698,169.8,0.0088,0.0009,0.85,1.0,4.0,8.0,49.0,8277,13,0.16,81,0.98,132,1.59,40,38.0,183.0,2.21,8277,1,0.01,3,0.04,91,1.1,8,0.1,,,
2024,22,2024-05-26,2024-06-01,8.2,51.5,534,64,14,658,0.0549,0.0066,0.0014,0.0677,10.0,10.0,1.726,0.549,0.366,0.159,0.304,1.478,0.572,161.8,0.01,0.001,0.95,0.0,3.0,12.0,56.0,8063,20,0.25,87,1.08,102,1.27,50,42.0,189.0,2.34,8063,3,0.04,3,0.04,97,1.2,9,0.11,,,
2024,23,2024-06-02,2024-06-08,6.1,46.6,451,36,7,526,0.0513,0.0041,0.0008,0.0599,8.0,9.0,1.684,0.457,0.141,0.091,0.215,1.315,0.469,152.7,0.01,0.0013,0.58,1.0,1.0,2.0,32.0,7278,21,0.29,75,1.03,97,1.33,29,23.0,125.0,1.72,7278,2,0.03,1,0.01,103,1.42,7,0.1,,,
2024,24,2024-06-09,2024-06-15,7.7,42.4,388,40,9,465,0.0436,0.0045,0.001,0.0522,4.0,5.0,1.473,0.64,0.113,0.065,0.298,1.117,0.433,156.9,0.0113,0.0011,1.15,0.0,4.0,3.0,23.0,7323,18,0.25,61,0.83,121,1.65,43,35.0,156.0,2.13,7323,1,0.01,3,0.04,66,0.9,3,0.04,,,
2024,25,2024-06-16,2024-06-22,7.1,44.3,425,30,13,504,0.0472,0.0033,0.0014,0.0559,12.0,8.0,2.189,0.701,0.225,0.111,0.226,1.309,0.509,156.7,0.0121,0.0013,0.88,1.0,1.0,6.0,38.0,7747,33,0.43,99,1.28,96,1.24,43,22.0,240.0,3.1,7747,1,0.01,9,0.12,90,1.16,7,0.09,,,
2024,26,2024-06-23,2024-06-29,7.8,48.4,487,45,15,597,0.0525,0.0048,0.0016,0.0643,7.0,8.0,1.684,0.64,0.113,0.098,0.204,1.216,0.453,161.1,0.0119,0.0015,0.32,1.0,3.0,2.0,28.0,8400,53,0.63,125,1.49,96,1.14,40,15.0,302.0,3.6,8400,4,0.05,23,0.27,89,1.06,3,0.04,,,
2024,27,2024-06-30,2024-07-06,9.1,45.9,475,38,9,548,0.0553,0.0044,0.001,0.0638,3.0,10.0,1.894,0.64,0.141,0.111,0.193,1.03,0.421,170.3,0.0116,0.0014,0.38,0.0,2.0,3.0,20.0,7734,56,0.72,118,1.53,88,1.14,43,12.0,272.0,3.52,7734,4,0.05,26,0.34,97,1.25,11,0.14,,,
2024,28,2024-07-07,2024-07-13,8.7,41.6,449,51,7,527,0.0514,0.0058,0.0008,0.0604,0.0,8.0,1.978,0.61,0.197,0.088,0.254,0.826,0.384,162.4,0.0096,0.0014,0.71,1.0,4.0,7.0,29.0,7929,47,0.59,121,1.53,66,0.83,42,18.0,238.0,3.0,7929,5,0.06,27,0.34,93,1.17,9,0.11,,,
2024,29,2024-07-14,2024-07-20,7.1,38.6,369,53,3,436,0.0437,0.0063,0.0004,0.0516,0.0,6.0,1.094,0.579,0.169,0.101,0.11,0.768,0.311,153.0,0.0127,0.0012,0.85,0.0,4.0,5.0,33.0,7508,34,0.45,127,1.69,49,0.65,44,12.0,196.0,2.61,7508,10,0.13,8,0.11,79,1.05,11,0.15,,,
2024,30,2024-07-21,2024-07-27,6.0,44.0,335,60,11,419,0.0373,0.0067,0.0012,0.0466,0.0,6.0,1.052,0.305,0.113,0.059,0.127,1.001,0.335,147.4,,0.0013,0.21,0.0,2.0,4.0,16.0,8128,23,0.28,175,2.15,56,0.69,44,15.0,175.0,2.15,8128,10,0.12,15,0.18,61,0.75,12,0.15,,,
2024,31,2024-07-28,2024-08-03,5.5,37.3,232,50,5,306,0.028,0.006,0.0006,0.0369,0.0,4.0,0.716,0.244,0.113,0.042,0.11,0.5,0.197,130.0,,0.0009,0.42,0.0,1.0,2.0,16.0,7711,26,0.34,145,1.88,70,0.91,38,14.0,149.0,1.93,7711,6,0.08,13,0.17,68,0.88,8,0.1,,,
2024,32,2024-08-04,2024-08-10,4.5,34.3,143,66,11,234,0.0166,0.0077,0.0013,0.0272,0.0,2.0,0.673,0.213,0.084,0.029,0.077,0.471,0.173,130.5,0.0069,0.0018,0.95,0.0,1.0,6.0,12.0,8051,21,0.26,161,2.0,59,0.73,40,14.0,172.0,2.14,8051,5,0.06,7,0.09,41,0.51,7,0.09,,,
2024,33,2024-08-11,2024-08-17,4.1,29.5,95,39,7,147,0.0121,0.005,0.0009,0.0187,0.0,1.0,0.547,0.213,0.084,0.042,0.044,0.198,0.104,119.8,0.0067,0.0015,0.7,0.0,0.0,4.0,12.0,7303,10,0.14,157,2.15,42,0.58,42,13.0,141.0,1.93,7303,0,0.0,14,0.19,20,0.27,5,0.07,,,
2024,34,2024-08-18,2024-08-24,4.6,35.2,94,34,3,137,0.0122,0.0044,0.0004,0.0178,0.0,2.0,0.631,0.092,0.056,0.016,0.083,0.262,0.113,118.4,,0.0009,0.77,0.0,0.0,1.0,7.0,7208,13,0.18,161,2.23,48,0.67,39,14.0,139.0,1.93,7208,3,0.04,10,0.14,46,0.64,7,0.1,,,
2024,35,2024-08-25,2024-08-31,4.1,37.5,89,33,5,136,0.0112,0.0041,0.0006,0.0171,1.0,1.0,0.589,0.061,0.084,0.049,0.088,0.192,0.11,116.6,,0.0012,0.67,0.0,0.0,2.0,11.0,7458,21,0.28,173,2.32,41,0.55,40,12.0,,2.06,7458,1,0.01,7,0.09,23,0.31,6,0.08,,,
2024,36,2024-09-01,2024-09-07,4.2,33.8,96,26,5,129,0.0127,0.0034,0.0007,0.017,1.0,2.0,0.716,0.274,0.028,0.033,0.028,0.233,0.109,125.9,0.0062,0.0009,0.99,0.0,0.0,3.0,9.0,7061,9,0.13,141,2.0,29,0.41,42,18.0,173.0,2.45,7061,6,0.08,9,0.13,23,0.33,6,0.08,,,
2024,37,2024-09-08,2024-09-14,3.5,35.9,77,19,4,102,0.0103,0.0025,0.0005,0.0137,1.0,0.0,0.21,0.152,0.141,0.02,0.039,0.122,0.065,116.3,0.006,0.0006,0.82,0.0,2.0,1.0,4.0,6882,11,0.16,143,2.08,45,0.65,44,22.0,189.0,2.75,6882,2,0.03,6,0.09,13,0.19,4,0.06,,,
2024,38,2024-09-15,2024-09-21,4.3,49.9,74,12,5,92,0.0099,0.0016,0.0007,0.0123,2.0,0.0,0.463,0.213,0.028,0.013,0.022,0.122,0.064,125.5,0.0088,0.0012,0.94,1.0,1.0,0.0,4.0,6890,14,0.2,83,1.2,32,0.46,43,29.0,236.0,3.43,6890,4,0.06,4,0.06,22,0.32,8,0.12,,,
2024,39,2024-09-22,2024-09-28,3.7,35.3,61,16,8,89,0.008,0.0021,0.0011,0.0117,4.0,3.0,0.295,0.092,0.056,0.033,0.006,0.116,0.057,126.8,0.007,0.0013,0.03,0.0,1.0,1.0,1.0,6992,11,0.16,74,1.06,34,0.49,39,25.0,264.0,3.78,6992,8,0.11,15,0.21,19,0.27,9,0.13,,,
2024,40,2024-09-29,2024-10-05,4.3,31.6,55,15,22,95,0.0075,0.002,0.003,0.0129,3.0,0.0,0.463,0.183,0.056,0.016,0.017,0.087,0.056,134.6,0.0093,0.001,0.69,0.0,0.0,1.0,4.0,6707,12,0.18,115,1.71,38,0.57,46,31.0,285.0,4.25,6707,8,0.12,14,0.21,11,0.16,18,0.27,,,
2024,41,2024-10-06,2024-10-12,4.3,22.6,42,5,7,55,0.006,0.0007,0.001,0.0078,0.0,1.0,0.253,0.031,0.084,0.013,0.022,0.081,0.043,127.9,0.0068,0.0013,0.88,0.0,0.0,1.0,1.0,6448,14,0.22,69,1.07,18,0.28,40,26.0,274.0,4.25,6448,7,0.11,22,0.34,16,0.25,16,0.25,,,
2024,42,2024-10-13,2024-10-19,3.9,29.6,23,2,10,36,0.0031,0.0003,0.0013,0.0048,2.0,1.0,0.084,0.061,0.056,0.013,0.022,0.087,0.039,122.5,0.0068,0.0008,1.03,0.0,1.0,0.0,3.0,6836,16,0.23,53,0.78,11,0.16,47,39.0,252.0,3.69,6836,8,0.12,10,0.15,14,0.2,20,0.29,,,
2024,43,2024-10-20,2024-10-26,2.9,33.5,21,6,6,35,0.003,0.0008,0.0008,0.005,4.0,0.0,0.126,0.122,0.028,0.003,0.0,0.052,0.024,123.0,0.0071,0.001,0.83,0.0,1.0,1.0,3.0,6430,12,0.19,42,0.65,17,0.26,46,33.0,230.0,3.58,6430,9,0.14,7,0.11,20,0.31,21,0.33,,,
2024,44,2024-10-27,2024-11-02,3.6,32.9,36,3,7,46,0.0049,0.0004,0.001,0.0063,1.0,0.0,0.295,0.122,0.0,0.0,0.011,0.041,0.027,121.1,0.0076,0.001,0.55,0.0,0.0,0.0,2.0,6688,13,0.19,38,0.57,12,0.18,51,40.0,192.0,2.87,6688,12,0.18,10,0.15,19,0.28,20,0.3,,,
2024,45,2024-11-03,2024-11-09,3.9,26.8,27,7,7,45,0.0037,0.001,0.001,0.0062,0.0,1.0,0.126,0.152,0.028,0.013,0.011,0.076,0.037,122.4,0.0079,0.001,0.47,0.0,1.0,0.0,0.0,6674,19,0.28,29,0.43,29,0.43,53,45.0,201.0,3.01,6674,14,0.21,12,0.18,21,0.31,23,0.34,,,
2024,46,2024-11-10,2024-11-16,3.2,33.9,28,3,5,39,0.0037,0.0004,0.0007,0.0052,2.0,0.0,0.168,0.031,0.028,0.02,0.006,0.035,0.025,126.8,0.0084,0.0008,0.45,1.0,1.0,1.0,1.0,7007,15,0.21,35,0.5,32,0.46,50,45.0,242.0,3.45,7007,24,0.34,13,0.19,28,0.4,39,0.56,,,
2024,47,2024-11-17,2024-11-23,3.5,32.4,32,9,13,59,0.0044,0.0012,0.0018,0.0081,3.0,1.0,0.126,0.061,0.028,0.01,0.033,0.093,0.041,116.5,0.0067,0.0008,0.63,0.0,0.0,1.0,2.0,6825,8,0.12,35,0.51,19,0.28,55,45.0,187.0,2.74,6825,18,0.26,7,0.1,27,0.4,38,0.56,,,
2024,48,2024-11-24,2024-11-30,3.9,34.5,63,3,6,73,0.0083,0.0004,0.0008,0.0096,5.0,3.0,0.168,0.061,0.0,0.02,0.022,0.151,0.056,123.1,0.0083,0.0011,0.86,0.0,1.0,1.0,2.0,7082,19,0.27,47,0.66,23,0.32,54,45.0,282.0,3.98,7082,27,0.38,10,0.14,27,0.38,53,0.75,,,
2024,49,2024-12-01,2024-12-07,3.9,38.5,73,8,8,91,0.0088,0.001,0.001,0.011,4.0,0.0,0.21,0.152,0.0,0.007,0.033,0.163,0.061,134.5,0.0082,0.0011,0.94,0.0,0.0,3.0,1.0,7751,23,0.3,58,0.75,29,0.37,54,44.0,288.0,3.72,7751,49,0.63,17,0.22,43,0.55,57,0.74,,,
2024,50,2024-12-08,2024-12-14,4.1,36.2,65,7,11,89,0.008,0.0009,0.0013,0.0109,4.0,0.0,0.126,0.031,0.056,0.023,0.017,0.204,0.068,134.7,0.0097,0.0006,0.83,0.0,0.0,1.0,5.0,7638,21,0.27,37,0.48,51,0.67,56,53.0,248.0,3.25,7638,40,0.52,10,0.13,39,0.51,62,0.81,,,
2024,51,2024-12-15,2024-12-21,4.5,39.0,96,7,6,111,0.0117,0.0009,0.0007,0.0135,1.0,1.0,0.463,0.122,0.056,0.029,0.05,0.175,0.086,134.9,0.0086,0.0008,0.82,0.0,0.0,1.0,3.0,7604,19,0.25,51,0.67,55,0.72,42,40.0,234.0,3.08,7604,39,0.51,8,0.11,29,0.38,60,0.79,,,
2024,52,2024-12-22,2024-12-28,4.9,34.4,269,27,19,319,0.0295,0.003,0.0021,0.035,0.0,4.0,1.431,0.335,0.141,0.075,0.122,0.71,0.288,154.7,,0.0013,1.43,0.0,2.0,1.0,10.0,8037,8,0.1,23,0.29,33,0.41,59,58.0,257.0,3.2,8037,49,0.61,10,0.12,46,0.57,55,0.68,,,
2025,1,2024-12-29,2025-01-04,7.5,33.4,475,33,23,548,0.0493,0.0034,0.0024,0.0569,0.0,7.0,1.494,0.704,0.237,0.154,0.207,1.022,0.439,163.6,,0.0021,1.12,0.0,3.0,6.0,22.0,8424,9,0.11,36,0.43,57,0.68,265,3.15,71.0,0.84,8424,51,0.61,9,0.11,42,0.5,57,0.68,8424.0,,
2025,2,2025-01-05,2025-01-11,8.6,47.0,642,51,22,744,0.0643,0.0051,0.0022,0.0745,6.0,4.0,2.399,0.704,0.296,0.157,0.319,1.336,0.571,154.7,0.0078,0.0014,1.06,1.0,6.0,12.0,19.0,8864,9,0.1,41,0.46,74,0.83,214,2.41,49.0,0.55,8864,51,0.58,11,0.12,44,0.5,62,0.7,8864.0,,
2025,3,2025-01-12,2025-01-18,9.9,43.8,756,68,32,890,0.0747,0.0067,0.0032,0.088,15.0,9.0,2.354,0.991,0.178,0.173,0.358,1.813,0.705,159.4,0.0103,0.0007,1.22,0.0,4.0,13.0,25.0,9016,19,0.21,24,0.27,61,0.68,185,2.05,49.0,0.54,9016,48,0.53,11,0.12,30,0.33,85,0.94,9016.0,,
2025,4,2025-01-19,2025-01-25,10.7,46.7,931,97,26,1113,0.0882,0.0092,0.0025,0.1054,9.0,19.0,2.218,0.863,0.385,0.163,0.454,2.301,0.84,160.7,0.0099,0.0017,0.99,3.0,8.0,9.0,48.0,9353,17,0.18,19,0.2,56,0.6,190,2.03,41.0,0.44,9353,41,0.44,7,0.07,47,0.5,54,0.58,9353.0,,
2025,5,2025-01-26,2025-02-01,10.3,34.7,706,68,17,858,0.0804,0.0077,0.0019,0.0977,1.0,4.0,2.626,0.544,0.237,0.173,0.37,1.97,0.737,176.6,,0.0012,1.01,5.0,5.0,10.0,40.0,7715,6,0.08,19,0.25,68,0.88,133,1.72,42.0,0.54,7715,33,0.43,7,0.09,33,0.43,55,0.71,7715.0,,
2025,6,2025-02-02,2025-02-08,12.7,38.6,925,98,47,1151,0.0823,0.0087,0.0042,0.1024,0.0,11.0,3.259,0.64,0.385,0.229,0.454,2.172,0.858,177.9,0.0092,0.0015,0.73,0.0,7.0,12.0,46.0,10016,12,0.12,26,0.26,122,1.22,201,2.01,46.0,0.46,10016,49,0.49,16,0.16,42,0.42,59,0.59,10016.0,1.0,0.01
2025,7,2025-02-09,2025-02-15,11.1,47.6,728,62,47,901,0.0704,0.006,0.0045,0.0871,2.0,15.0,2.445,0.959,0.325,0.173,0.319,1.701,0.677,151.2,0.0063,0.0022,0.99,0.0,3.0,6.0,52.0,9196,9,0.1,29,0.32,125,1.36,151,1.64,32.0,0.35,9196,38,0.41,12,0.13,44,0.48,62,0.67,9196.0,2.0,0.02
2025,8,2025-02-16,2025-02-22,9.4,40.3,562,46,43,712,0.0563,0.0046,0.0043,0.0714,12.0,10.0,1.856,0.704,0.325,0.121,0.23,1.42,0.54,136.6,0.0074,0.0008,0.78,0.0,6.0,11.0,42.0,8794,17,0.19,29,0.33,169,1.92,112,1.27,30.0,0.34,8794,34,0.39,12,0.14,42,0.48,56,0.64,8794.0,5.0,0.06
2025,9,2025-02-23,2025-03-01,7.2,37.9,386,21,69,514,0.0416,0.0023,0.0074,0.0553,12.0,5.0,0.679,0.64,0.355,0.098,0.185,0.87,0.353,130.4,0.0088,0.0008,0.57,0.0,2.0,5.0,24.0,8100,15,0.19,21,0.26,149,1.84,138,1.7,25.0,0.31,8100,45,0.56,5,0.06,34,0.42,45,0.56,8100.0,4.0,0.05
2025,10,2025-03-02,2025-03-08,6.2,44.3,238,15,74,347,0.0252,0.0016,0.0078,0.0367,6.0,5.0,0.996,0.352,0.325,0.085,0.134,0.511,0.247,130.2,0.0079,0.0008,0.63,1.0,4.0,7.0,21.0,8236,4,0.05,25,0.3,183,2.22,170,2.06,40.0,0.49,8236,40,0.49,5,0.06,47,0.57,58,0.7,8236.0,1.0,0.01
2025,11,2025-03-09,2025-03-15,5.6,47.3,146,16,49,230,0.0164,0.0018,0.0055,0.0259,11.0,2.0,0.589,0.416,0.207,0.062,0.062,0.32,0.16,136.5,0.0099,0.0008,1.13,0.0,2.0,0.0,21.0,8146,12,0.15,33,0.41,245,3.01,195,2.39,95.0,1.17,8146,56,0.69,6,0.07,54,0.66,40,0.49,8146.0,1.0,0.01
2025,12,2025-03-16,2025-03-22,5.2,38.0,97,13,70,194,0.0115,0.0015,0.0083,0.023,9.0,2.0,0.815,0.512,0.178,0.043,0.05,0.309,0.156,139.3,0.0071,0.0013,0.75,0.0,2.0,2.0,14.0,7782,7,0.09,55,0.71,270,3.47,251,3.23,133.0,1.71,7782,48,0.62,2,0.03,44,0.57,43,0.55,7782.0,4.0,0.05
2025,13,2025-03-23,2025-03-29,4.9,45.8,75,12,63,155,0.0079,0.0013,0.0066,0.0163,3.0,2.0,0.362,0.32,0.266,0.039,0.045,0.236,0.119,144.0,0.0078,0.0015,1.22,0.0,1.0,2.0,16.0,8620,15,0.17,41,0.48,391,4.54,256,2.97,277.0,3.21,8620,46,0.53,4,0.05,43,0.5,42,0.49,8620.0,6.0,0.07
2025,14,2025-03-30,2025-04-05,5.7,27.9,52,12,52,121,0.0064,0.0015,0.0064,0.015,6.0,0.0,0.498,0.544,0.118,0.01,0.034,0.062,0.069,140.1,0.0065,0.001,0.85,0.0,1.0,3.0,9.0,7420,14,0.19,50,0.67,261,3.52,237,3.19,378.0,5.09,7420,46,0.62,5,0.07,33,0.44,40,0.54,7420.0,3.0,0.04
2025,15,2025-04-06,2025-04-12,5.4,40.9,34,8,48,98,0.0037,0.0009,0.0052,0.0106,5.0,1.0,0.543,0.416,0.089,0.02,0.034,0.124,0.083,149.2,0.0065,0.0016,1.08,1.0,0.0,1.0,4.0,8648,12,0.14,70,0.81,343,3.97,332,3.84,537.0,6.21,8648,49,0.57,7,0.08,41,0.47,35,0.4,8648.0,1.0,0.01
2025,16,2025-04-13,2025-04-19,5.7,41.0,44,6,50,100,0.0046,0.0006,0.0052,0.0105,3.0,3.0,0.589,0.064,0.118,0.016,0.028,0.129,0.069,157.4,0.0057,0.0014,1.4,0.0,1.0,1.0,1.0,8507,8,0.09,51,0.6,294,3.46,317,3.73,698.0,8.21,8507,44,0.52,4,0.05,39,0.46,28,0.33,8507.0,0.0,0.0
2025,17,2025-04-20,2025-04-26,4.5,42.1,28,7,40,76,0.0028,0.0007,0.004,0.0077,0.0,1.0,0.136,0.192,0.207,0.033,0.022,0.124,0.069,146.8,,0.0013,0.73,0.0,2.0,0.0,6.0,8879,7,0.08,42,0.47,319,3.59,238,2.68,895.0,10.08,8879,45,0.51,3,0.03,37,0.42,35,0.39,8879.0,1.0,0.01
2025,18,2025-04-27,2025-05-03,3.8,55.1,28,17,36,86,0.003,0.0018,0.0038,0.0091,1.0,0.0,0.226,0.192,0.059,0.023,0.039,0.112,0.063,144.3,0.0058,0.0012,1.33,0.0,0.0,3.0,5.0,8468,6,0.07,41,0.48,306,3.61,224,2.65,967.0,11.42,8468,31,0.37,2,0.02,39,0.46,20,0.24,8468.0,3.0,0.04
2025,19,2025-05-04,2025-05-10,4.8,44.0,32,13,22,68,0.0034,0.0014,0.0023,0.0071,,,0.226,0.16,0.03,0.01,0.017,0.079,0.041,146.6,0.0066,0.0012,0.71,0.0,1.0,0.0,4.0,8819,11,0.12,57,0.65,262,2.97,193,2.19,1205.0,13.66,8819,27,0.31,5,0.06,47,0.53,21,0.24,8819.0,5.0,0.06
2025,20,2025-05-11,2025-05-17,5.4,44.6,59,4,18,88,0.0063,0.0004,0.0019,0.0094,11.0,1.0,0.543,0.16,0.118,0.013,0.05,0.146,0.08,142.1,0.0071,0.0015,1.0,0.0,1.0,0.0,2.0,8797,14,0.16,75,0.85,258,2.93,197,2.24,1214.0,13.8,8797,33,0.38,2,0.02,45,0.51,23,0.26,8797.0,2.0,0.02
2025,21,2025-05-18,2025-05-24,5.0,31.8,30,3,35,70,0.0032,0.0003,0.0037,0.0074,3.0,0.0,0.136,0.128,0.059,0.013,0.017,0.09,0.043,135.1,0.0074,0.0013,1.08,0.0,0.0,1.0,2.0,8869,10,0.11,73,0.82,199,2.24,187,2.11,986.0,11.12,8869,17,0.19,8,0.09,38,0.43,28,0.32,8869.0,3.0,0.03
2025,22,2025-05-25,2025-05-31,4.8,28.4,39,6,30,78,0.0044,0.0007,0.0034,0.0089,6.0,1.0,0.317,0.192,0.059,0.026,0.022,0.095,0.059,130.8,0.0062,0.001,1.32,0.0,0.0,0.0,2.0,8238,9,0.11,68,0.83,202,2.45,179,2.17,764.0,9.27,8238,16,0.19,4,0.05,37,0.45,37,0.45,8238.0,4.0,0.05
2025,23,2025-06-01,2025-06-07,3.6,30.6,29,6,35,72,0.0034,0.0007,0.0041,0.0084,1.0,0.0,0.407,0.192,0.03,0.026,0.039,0.095,0.064,117.4,0.0059,0.0013,0.24,0.0,0.0,0.0,1.0,8111,14,0.17,55,0.68,190,2.34,177,2.18,564.0,6.95,8111,22,0.27,7,0.09,47,0.58,16,0.2,8111.0,4.0,0.05
2025,24,2025-06-08,2025-06-14,4.1,34.0,38,8,19,69,0.0046,0.001,0.0023,0.0083,3.0,2.0,0.091,0.352,0.089,0.013,0.017,0.118,0.059,117.0,0.0067,0.0007,1.03,0.0,1.0,0.0,1.0,7901,10,0.13,72,0.91,130,1.65,164,2.08,386.0,4.89,7901,11,0.14,3,0.04,34,0.43,28,0.35,7901.0,3.0,0.04
2025,25,2025-06-15,2025-06-21,4.0,30.7,53,15,36,114,0.0067,0.0019,0.0045,0.0144,,,0.362,0.448,0.03,0.026,0.039,0.135,0.083,114.6,0.0066,0.0007,0.73,0.0,0.0,0.0,6.0,7487,9,0.12,89,1.19,126,1.68,183,2.44,335.0,4.47,7487,11,0.15,6,0.08,36,0.48,18,0.24,7487.0,8.0,0.11
2025,26,2025-06-22,2025-06-28,4.8,33.6,73,31,41,149,0.0091,0.0039,0.0051,0.0186,8.0,1.0,0.589,0.448,0.089,0.056,0.056,0.168,0.116,114.5,0.0043,0.0007,0.91,0.0,0.0,1.0,0.0,7532,10,0.13,93,1.23,106,1.41,162,2.15,305.0,4.05,7532,18,0.24,3,0.04,52,0.69,19,0.25,7532.0,3.0,0.04
2025,27,2025-06-29,2025-07-05,4.4,36.1,88,58,50,201,0.0114,0.0075,0.0065,0.0261,5.0,4.0,0.679,0.544,0.207,0.069,0.056,0.281,0.16,120.2,0.006,0.0007,0.94,0.0,2.0,1.0,8.0,7226,14,0.19,141,1.95,100,1.38,171,2.37,248.0,3.43,7226,12,0.17,11,0.15,25,0.35,16,0.22,7226.0,6.0,0.08
2025,28,2025-07-06,2025-07-12,4.2,36.4,104,57,56,222,0.013,0.0071,0.007,0.0277,0.0,4.0,1.041,0.448,0.207,0.062,0.062,0.342,0.18,117.7,0.0059,0.0014,0.72,0.0,0.0,1.0,6.0,7497,12,0.16,160,2.13,98,1.31,163,2.17,191.0,2.55,7497,16,0.21,2,0.03,42,0.56,20,0.27,7497.0,5.0,0.07
2025,29,2025-07-13,2025-07-19,4.9,24.9,113,44,49,211,0.0142,0.0055,0.0062,0.0266,1.0,0.0,0.77,0.416,0.178,0.039,0.028,0.359,0.156,113.7,0.0081,0.0008,0.82,0.0,2.0,3.0,7.0,7522,10,0.13,154,2.05,71,0.94,137,1.82,173.0,2.3,7522,10,0.13,6,0.08,38,0.51,15,0.2,7522.0,3.0,0.04
2025,30,2025-07-20,2025-07-26,5.0,32.9,134,39,43,226,0.017,0.005,0.0055,0.0287,0.0,6.0,0.498,0.288,0.089,0.026,0.05,0.466,0.164,111.7,,0.0014,0.75,0.0,2.0,1.0,5.0,7409,8,0.11,178,2.4,98,1.32,135,1.82,140.0,1.89,7409,8,0.11,9,0.12,47,0.63,21,0.28,7409.0,7.0,0.09
2025,31,2025-07-27,2025-08-02,5.3,20.2,119,63,50,242,0.0145,0.0077,0.0061,0.0295,0.0,3.0,0.589,0.288,0.148,0.056,0.056,0.393,0.165,106.7,,0.0011,0.42,0.0,1.0,1.0,8.0,7764,11,0.14,219,2.82,91,1.17,137,1.76,109.0,1.4,7764,3,0.04,6,0.08,41,0.53,12,0.15,7764.0,5.0,0.06
2025,32,2025-08-03,2025-08-09,4.0,23.9,95,109,43,255,0.0124,0.0142,0.0056,0.0332,0.0,3.0,0.77,0.352,0.059,0.039,0.062,0.443,0.176,108.4,,0.0011,0.34,0.0,3.0,1.0,14.0,7303,9,0.12,188,2.57,64,0.88,154,2.11,90.0,1.23,7303,10,0.14,4,0.05,36,0.49,14,0.19,7303.0,6.0,0.08
2025,33,2025-08-10,2025-08-16,4.3,35.5,149,128,42,328,0.0179,0.0154,0.0051,0.0395,1.0,4.0,1.087,0.384,0.118,0.046,0.09,0.589,0.233,109.9,0.0027,0.0009,0.76,0.0,2.0,4.0,15.0,7913,10,0.13,224,2.83,56,0.71,137,1.73,119.0,1.5,7913,11,0.14,4,0.05,25,0.32,10,0.13,7913.0,4.0,0.05
2025,34,2025-08-17,2025-08-23,5.4,29.3,174,189,32,412,0.0207,0.0225,0.0038,0.049,0.0,11.0,1.494,0.256,0.266,0.114,0.168,0.646,0.307,110.5,,0.0012,0.76,0.0,2.0,1.0,7.0,8047,10,0.12,213,2.65,59,0.73,149,1.85,112.0,1.39,8047,12,0.15,5,0.06,28,0.35,16,0.2,8047.0,5.0,0.06
2025,35,2025-08-24,2025-08-30,6.9,33.1,187,295,40,547,0.0211,0.0334,0.0045,0.0619,4.0,9.0,1.358,0.672,0.237,0.131,0.106,0.853,0.36,117.3,,0.0008,0.41,0.0,1.0,3.0,21.0,8458,4,0.05,238,2.81,60,0.71,190,2.25,113.0,1.34,8458,6,0.07,12,0.14,32,0.38,16,0.19,8458.0,2.0,0.02
2025,36,2025-08-31,2025-09-06,7.8,46.8,208,323,33,591,0.0245,0.0381,0.0039,0.0697,15.0,12.0,2.354,1.375,0.385,0.108,0.162,0.915,0.444,127.0,0.0044,0.0013,0.56,3.0,0.0,4.0,18.0,7996,11,0.14,271,3.39,53,0.66,171,2.14,88.0,1.1,7996,5,0.06,12,0.15,23,0.29,16,0.2,7996.0,2.0,0.03
2025,37,2025-09-07,2025-09-13,9.2,45.1,204,478,26,731,0.0233,0.0546,0.003,0.0836,55.0,10.0,3.169,2.111,1.094,0.108,0.157,0.864,0.517,144.3,0.0101,0.0008,0.7,3.0,1.0,3.0,24.0,8194,8,0.1,290,3.54,41,0.5,242,2.95,64.0,0.78,8194,6,0.07,7,0.09,21,0.26,15,0.18,8194.0,4.0,0.05
2025,38,2025-09-14,2025-09-20,13.6,49.2,173,578,35,813,0.0191,0.0636,0.0039,0.0895,82.0,8.0,2.445,2.399,1.242,0.15,0.213,1.038,0.587,149.2,0.0077,0.0012,0.63,1.0,0.0,6.0,25.0,8459,9,0.11,282,3.33,29,0.34,260,3.07,55.0,0.65,8459,10,0.12,9,0.11,17,0.2,18,0.21,8459.0,2.0,0.02
2025,39,2025-09-21,2025-09-27,11.7,43.4,143,668,26,871,0.0167,0.0779,0.003,0.1016,55.0,10.0,1.766,2.111,1.39,0.157,0.129,1.1,0.559,164.4,,0.0014,0.98,0.0,1.0,6.0,19.0,7867,7,0.09,228,2.9,34,0.43,276,3.51,53.0,0.67,7867,5,0.06,8,0.1,21,0.27,17,0.22,7867.0,5.0,0.06
2025,40,2025-09-28,2025-10-04,11.4,41.3,148,650,26,855,0.0168,0.0737,0.0029,0.097,59.0,9.0,3.486,2.111,0.976,0.15,0.246,1.33,0.671,151.0,0.0045,0.0009,0.73,2.0,2.0,2.0,21.0,8287,5,0.06,258,3.11,34,0.41,235,2.84,48.0,0.58,8287,4,0.05,11,0.13,17,0.21,10,0.12,8287.0,3.0,0.04
2025,41,2025-10-05,2025-10-11,13.8,50.0,129,850,44,1061,0.0146,0.0963,0.005,0.1202,72.0,14.0,3.848,3.39,1.272,0.157,0.174,1.667,0.814,158.0,0.0066,0.0013,0.45,1.0,1.0,6.0,33.0,8193,7,0.09,239,2.92,28,0.34,233,2.84,33.0,0.4,8193,1,0.01,6,0.07,14,0.17,5,0.06,8193.0,4.0,0.05
2025,42,2025-10-12,2025-10-18,17.9,55.1,100,966,23,1119,0.0106,0.1022,0.0024,0.1184,170.0,13.0,4.436,4.573,2.307,0.17,0.196,1.583,0.918,165.5,0.0084,0.0008,0.86,0.0,3.0,3.0,29.0,8723,5,0.06,211,2.42,22,0.25,272,3.12,28.0,0.32,8723,8,0.09,6,0.07,20,0.23,13,0.15,8723.0,6.0,0.07
2025,43,2025-10-19,2025-10-25,18.6,46.9,113,903,26,1057,0.0129,0.1028,0.003,0.1203,134.0,18.0,3.395,3.486,1.863,0.15,0.213,1.297,0.749,163.4,0.0088,0.0012,0.86,4.0,2.0,2.0,27.0,8126,17,0.21,222,2.73,17,0.21,259,3.19,35.0,0.43,8126,4,0.05,13,0.16,10,0.12,14,0.17,8126.0,7.0,0.09
2025,44,2025-10-26,2025-11-01,13.7,44.3,83,673,12,797,0.0091,0.0738,0.0013,0.0874,67.0,13.0,3.169,2.782,1.301,0.147,0.196,1.05,0.624,158.9,0.0073,0.0012,0.38,2.0,3.0,2.0,28.0,8557,7,0.08,202,2.36,23,0.27,278,3.25,18.0,0.21,8557,3,0.04,14,0.16,18,0.21,9,0.11,8557.0,5.0,0.06
2025,45,2025-11-02,2025-11-08,11.3,45.6,62,586,19,688,0.007,0.0659,0.0021,0.0773,61.0,7.0,2.943,1.631,0.947,0.114,0.14,0.909,0.493,142.4,0.007,0.0015,0.97,1.0,0.0,6.0,32.0,8296,8,0.1,136,1.64,14,0.17,348,4.19,18.0,0.22,8296,2,0.02,8,0.1,18,0.22,15,0.18,8296.0,4.0,0.05
2025,46,2025-11-09,2025-11-15,9.3,50.8,40,471,15,547,0.0045,0.0536,0.0017,0.0622,51.0,7.0,1.766,0.895,0.858,0.131,0.118,0.893,0.421,135.2,0.0053,0.001,0.57,1.0,2.0,3.0,22.0,8283,11,0.13,97,1.17,10,0.12,426,5.14,5.0,0.06,8283,4,0.05,8,0.1,19,0.23,22,0.27,8283.0,4.0,0.05
2025,47,2025-11-16,2025-11-22,8.4,46.1,23,462,13,510,0.0026,0.0531,0.0015,0.0586,43.0,8.0,1.358,1.151,0.858,0.078,0.134,0.69,0.355,129.0,0.0072,0.0012,0.7,3.0,1.0,8.0,17.0,8196,15,0.18,90,1.1,21,0.26,418,5.1,5.0,0.06,8196,5,0.06,17,0.21,21,0.26,21,0.26,8196.0,4.0,0.05
2025,48,2025-11-23,2025-11-29,10.2,49.5,17,537,9,579,0.0019,0.0601,0.001,0.0648,63.0,9.0,1.132,1.407,0.887,0.092,0.134,0.808,0.393,141.1,0.0054,0.001,0.85,1.0,1.0,1.0,20.0,8406,20,0.24,53,0.63,14,0.17,468,5.57,8.0,0.1,8406,5,0.06,6,0.07,17,0.2,17,0.2,8406.0,4.0,0.05
2025,49,2025-11-30,2025-12-06,10.8,46.8,23,659,13,711,0.0025,0.0705,0.0014,0.0761,71.0,5.0,2.309,1.599,0.976,0.15,0.151,1.145,0.548,149.5,0.0066,0.0011,0.76,3.0,5.0,2.0,15.0,8796,17,0.19,48,0.55,16,0.18,492,5.59,4.0,0.05,8796,7,0.08,6,0.07,21,0.24,17,0.19,8796.0,4.0,0.05
2025,50,2025-12-07,2025-12-13,9.8,43.4,24,659,7,722,0.0026,0.0713,0.0008,0.0781,30.0,5.0,1.811,1.727,0.887,0.118,0.202,1.005,0.5,144.0,0.0058,0.0012,0.66,0.0,1.0,8.0,22.0,8720,10,0.11,34,0.39,13,0.15,519,5.95,3.0,0.03,8720,4,0.05,17,0.19,43,0.49,19,0.22,8720.0,2.0,0.02
2025,51,2025-12-14,2025-12-20,8.0,33.7,8,512,7,548,0.0009,0.0576,0.0008,0.0617,33.0,5.0,1.539,0.991,0.444,0.124,0.151,0.808,0.385,132.9,0.0051,0.0005,0.81,0.0,2.0,5.0,21.0,8356,15,0.18,20,0.24,11,0.13,507,6.07,8.0,0.1,8356,8,0.1,11,0.13,55,0.66,19,0.23,8356.0,2.0,0.02
2025,52,2025-12-21,2025-12-27,7.5,35.1,6,420,2,439,0.0007,0.0475,0.0002,0.0497,4.0,3.0,1.63,0.672,0.237,0.088,0.084,0.803,0.333,142.6,,0.0012,0.64,0.0,3.0,1.0,20.0,7962,9,0.11,19,0.24,14,0.18,468,5.88,2.0,0.03,7962,10,0.13,12,0.15,47,0.59,19,0.24,7962.0,1.0,0.01
2026,1,2025-12-28,2026-01-03,7.3,31.3,13,335,8,372,0.0014,0.0368,0.0009,0.0409,0.0,3.0,0.77,0.288,0.178,0.062,0.101,0.775,0.276,129.5,,0.0008,1.15,0.0,0.0,3.0,15.0,8281,5,0.06,12,0.14,20,0.24,444,5.36,4.0,0.05,8281,8,0.1,10,0.12,61,0.74,16,0.19,8281.0,2.0,0.02
2026,2,2026-01-04,2026-01-10,6.5,32.0,8,312,12,343,0.0009,0.0357,0.0014,0.0392,13.0,1.0,0.86,0.384,0.207,0.078,0.078,0.623,0.249,118.8,0.004,0.0008,1.23,0.0,1.0,1.0,14.0,7937,3,0.04,19,0.24,21,0.26,378,4.76,9.0,0.11,7937,13,0.16,7,0.09,92,1.16,30,0.38,7937.0,2.0,0.03
2026,3,2026-01-11,2026-01-17,8.3,41.0,35,375,15,440,0.0037,0.0392,0.0016,0.046,40.0,5.0,1.675,0.863,0.178,0.124,0.101,0.702,0.335,127.3,0.007,0.0011,1.53,1.0,1.0,0.0,17.0,9044,13,0.14,22,0.24,26,0.29,373,4.12,16.0,0.18,9044,12,0.13,8,0.09,123,1.36,35,0.39,9044.0,3.0,0.03
2026,4,2026-01-18,2026-01-24,7.1,36.0,20,349,15,401,0.0022,0.0378,0.0016,0.0434,35.0,7.0,1.087,1.247,0.503,0.092,0.129,0.612,0.32,126.4,0.009,0.0013,1.15,2.0,2.0,3.0,17.0,8784,13,0.15,14,0.16,31,0.35,382,4.35,4.0,0.05,8784,18,0.2,8,0.09,128,1.46,46,0.52,8784.0,4.0,0.05
2026,5,2026-01-25,2026-01-31,7.0,28.7,10,284,18,322,0.0011,0.031,0.002,0.0351,26.0,3.0,0.679,0.768,0.385,0.069,0.078,0.55,0.247,126.8,0.0062,0.0012,1.22,1.0,1.0,3.0,11.0,8677,15,0.17,20,0.23,30,0.35,315,3.63,3.0,0.03,8677,21,0.24,9,0.1,158,1.82,36,0.41,8677.0,1.0,0.01
2026,6,2026-02-01,2026-02-07,6.7,32.2,15,181,24,220,0.0017,0.0205,0.0027,0.025,25.0,3.0,0.407,0.48,0.237,0.023,0.034,0.342,0.141,120.3,0.0048,0.0012,0.98,0.0,2.0,1.0,12.0,8316,11,0.13,20,0.24,19,0.23,288,3.46,8.0,0.1,8316,17,0.2,5,0.06,154,1.85,35,0.42,8316.0,1.0,0.01
2026,7,2026-02-08,2026-02-14,5.4,22.4,17,122,31,171,0.0019,0.014,0.0036,0.0196,13.0,2.0,0.317,0.32,0.355,0.026,0.034,0.219,0.109,121.1,0.0062,0.0013,0.3,0.0,1.0,2.0,11.0,8146,8,0.1,22,0.27,42,0.52,295,3.62,8.0,0.1,8146,22,0.27,7,0.09,219,2.69,42,0.52,8146.0,3.0,0.04
2026,8,2026-02-15,2026-02-21,7.9,33.8,16,139,42,200,0.0018,0.0159,0.0048,0.0229,,,0.498,0.192,0.325,0.082,0.05,0.326,0.16,156.0,,0.0014,0.41,1.0,2.0,0.0,10.0,7803,4,0.05,17,0.22,25,0.32,257,3.29,6.0,0.08,7803,24,0.31,8,0.1,203,2.6,42,0.54,7803.0,3.0,0.04
2026,9,2026-02-22,2026-02-28,5.4,30.2,15,165,83,269,0.0015,0.016,0.0081,0.0262,0.0,2.0,0.498,0.416,0.178,0.078,0.078,0.404,0.187,129.6,0.0032,0.0012,0.73,0.0,0.0,1.0,9.0,9231,5,0.05,28,0.3,71,0.77,290,3.14,7.0,0.08,9231,28,0.3,7,0.08,281,3.04,43,0.47,9231.0,1.0,0.01
2026,10,2026-03-01,2026-03-07,5.4,28.4,30,154,54,240,0.0032,0.0163,0.0057,0.0254,20.0,4.0,0.86,0.48,0.207,0.072,0.056,0.421,0.197,117.1,0.0043,0.0008,0.94,0.0,1.0,3.0,7.0,8594,5,0.06,21,0.24,55,0.64,190,2.21,15.0,0.17,8594,20,0.23,4,0.05,304,3.54,59,0.69,8594.0,3.0,0.03
2026,11,2026-03-08,2026-03-14,5.9,29.6,18,128,78,228,0.002,0.0139,0.0085,0.0248,42.0,1.0,0.679,0.576,0.296,0.075,0.028,0.269,0.159,124.4,0.0058,0.0015,0.9,0.0,0.0,3.0,11.0,8512,9,0.11,52,0.61,67,0.79,210,2.47,13.0,0.15,8512,22,0.26,6,0.07,329,3.87,51,0.6,8512.0,1.0,0.01
2026,12,2026-03-15,2026-03-21,5.9,39.0,22,85,105,215,0.0024,0.0094,0.0116,0.0237,23.0,3.0,0.498,0.608,0.355,0.052,0.034,0.168,0.125,127.8,0.0049,0.0015,0.87,0.0,1.0,2.0,2.0,8532,11,0.13,48,0.56,81,0.95,237,2.78,6.0,0.07,8532,24,0.28,9,0.11,346,4.06,50,0.59,8532.0,4.0,0.05
